pmid,gold,raw_prediction,parsed_prediction,correct,model,total_seconds,timestamp
12377809,yes,no,no,0,llama3.2:1b,7.593838,2026-06-26 16:35:07
26163474,yes,No.,no,0,llama3.2:1b,1.81087,2026-06-26 16:35:09
19100463,yes,no,no,0,llama3.2:1b,1.592367,2026-06-26 16:35:11
18537964,yes,no,no,0,llama3.2:1b,1.36235,2026-06-26 16:35:12
12913878,yes,no,no,0,llama3.2:1b,1.155367,2026-06-26 16:35:14
12765819,yes,No,no,0,llama3.2:1b,1.323123,2026-06-26 16:35:15
25475395,yes,maybe,maybe,0,llama3.2:1b,1.538297,2026-06-26 16:35:17
19130332,yes,maybe,maybe,0,llama3.2:1b,1.331944,2026-06-26 16:35:18
9427037,yes,maybe,maybe,0,llama3.2:1b,1.318111,2026-06-26 16:35:20
24481006,yes,no,no,0,llama3.2:1b,1.327507,2026-06-26 16:35:21
8165771,yes,no,no,0,llama3.2:1b,1.133692,2026-06-26 16:35:23
22680064,yes,no,no,0,llama3.2:1b,1.123065,2026-06-26 16:35:24
22540518,yes,no,no,0,llama3.2:1b,1.548809,2026-06-26 16:35:26
20629769,yes,maybe,maybe,0,llama3.2:1b,1.362741,2026-06-26 16:35:28
21726930,yes,no,no,0,llama3.2:1b,1.971886,2026-06-26 16:35:30
21481154,yes,maybe,maybe,0,llama3.2:1b,1.362467,2026-06-26 16:35:31
22902073,yes,maybe,maybe,0,llama3.2:1b,1.153492,2026-06-26 16:35:33
26370095,yes,yes,yes,1,llama3.2:1b,1.693367,2026-06-26 16:35:35
18041059,yes,maybe,maybe,0,llama3.2:1b,1.764771,2026-06-26 16:35:36
15041506,yes,no,no,0,llama3.2:1b,0.9565879,2026-06-26 16:35:38
11146778,yes,no,no,0,llama3.2:1b,1.552873,2026-06-26 16:35:39
27281318,yes,no,no,0,llama3.2:1b,2.243666,2026-06-26 16:35:43
21645374,yes,no,no,0,llama3.2:1b,1.894432,2026-06-26 16:35:45
9465206,yes,no,no,0,llama3.2:1b,2.205013,2026-06-26 16:35:47
25887165,yes,no,no,0,llama3.2:1b,1.419075,2026-06-26 16:35:49
15995461,yes,no,no,0,llama3.2:1b,1.007879,2026-06-26 16:35:50
21850494,yes,no,no,0,llama3.2:1b,1.689831,2026-06-26 16:35:52
19106867,yes,maybe,maybe,0,llama3.2:1b,0.9193148,2026-06-26 16:35:53
21342862,yes,no,no,0,llama3.2:1b,1.299687,2026-06-26 16:35:55
24352924,yes,maybe,maybe,0,llama3.2:1b,1.320317,2026-06-26 16:35:56
16147837,yes,No.,no,0,llama3.2:1b,1.59356,2026-06-26 16:35:58
26879871,yes,maybe,maybe,0,llama3.2:1b,1.579059,2026-06-26 16:36:00
15918864,yes,no,no,0,llama3.2:1b,1.658187,2026-06-26 16:36:02
22075911,yes,no,no,0,llama3.2:1b,1.333647,2026-06-26 16:36:03
11035130,yes,maybe,maybe,0,llama3.2:1b,1.541032,2026-06-26 16:36:05
21228436,yes,no,no,0,llama3.2:1b,1.122245,2026-06-26 16:36:06
11833948,yes,maybe,maybe,0,llama3.2:1b,1.112115,2026-06-26 16:36:08
17682349,yes,maybe,maybe,0,llama3.2:1b,1.282797,2026-06-26 16:36:09
17355582,yes,no,no,0,llama3.2:1b,1.284321,2026-06-26 16:36:11
15597845,yes,no,no,0,llama3.2:1b,1.286206,2026-06-26 16:36:12
10158597,yes,no,no,0,llama3.2:1b,1.512197,2026-06-26 16:36:14
27549226,yes,no,no,0,llama3.2:1b,1.919461,2026-06-26 16:36:16
26348845,yes,maybe,maybe,0,llama3.2:1b,1.562769,2026-06-26 16:36:18
25588461,yes,yes,yes,1,llama3.2:1b,1.311723,2026-06-26 16:36:19
23359100,yes,no,no,0,llama3.2:1b,1.29093,2026-06-26 16:36:21
26548832,yes,maybe,maybe,0,llama3.2:1b,2.129024,2026-06-26 16:36:23
25756710,yes,maybe,maybe,0,llama3.2:1b,1.756519,2026-06-26 16:36:25
20297950,yes,maybe,maybe,0,llama3.2:1b,2.149184,2026-06-26 16:36:27
24622801,yes,no,no,0,llama3.2:1b,1.420237,2026-06-26 16:36:29
9722752,yes,no,no,0,llama3.2:1b,1.31384,2026-06-26 16:36:31
20577124,yes,maybe,maybe,0,llama3.2:1b,1.544007,2026-06-26 16:36:32
19027440,yes,maybe,maybe,0,llama3.2:1b,1.33183,2026-06-26 16:36:34
18239988,yes,yes,yes,1,llama3.2:1b,1.537685,2026-06-26 16:36:36
27858166,yes,yes,yes,1,llama3.2:1b,1.316547,2026-06-26 16:36:37
27050489,yes,yes,yes,1,llama3.2:1b,1.316385,2026-06-26 16:36:39
16266387,yes,yes,yes,1,llama3.2:1b,1.70578,2026-06-26 16:36:41
27287237,yes,maybe,maybe,0,llama3.2:1b,1.322745,2026-06-26 16:36:42
11079675,yes,No,no,0,llama3.2:1b,1.542328,2026-06-26 16:36:44
10331115,yes,no,no,0,llama3.2:1b,1.127964,2026-06-26 16:36:45
18594195,yes,no,no,0,llama3.2:1b,1.27895,2026-06-26 16:36:47
22497340,yes,no,no,0,llama3.2:1b,0.9148366,2026-06-26 16:36:48
16769333,yes,maybe,maybe,0,llama3.2:1b,1.52732,2026-06-26 16:36:50
20571467,yes,no,no,0,llama3.2:1b,1.727413,2026-06-26 16:36:51
12094116,yes,no,no,0,llama3.2:1b,1.146093,2026-06-26 16:36:53
17276182,yes,Maybe,maybe,0,llama3.2:1b,1.304099,2026-06-26 16:36:54
26419377,yes,no,no,0,llama3.2:1b,1.310058,2026-06-26 16:36:56
23810330,yes,maybe,maybe,0,llama3.2:1b,1.507499,2026-06-26 16:36:58
15151701,yes,maybe,maybe,0,llama3.2:1b,1.54458,2026-06-26 16:36:59
23736032,yes,No,no,0,llama3.2:1b,1.317459,2026-06-26 16:37:01
28143468,yes,no,no,0,llama3.2:1b,1.113754,2026-06-26 16:37:02
23495128,yes,no,no,0,llama3.2:1b,1.30574,2026-06-26 16:37:04
12121321,yes,no,no,0,llama3.2:1b,1.327738,2026-06-26 16:37:05
18570208,yes,yes,yes,1,llama3.2:1b,1.323779,2026-06-26 16:37:07
28707539,yes,no,no,0,llama3.2:1b,1.117091,2026-06-26 16:37:08
22117569,yes,no,no,0,llama3.2:1b,1.120095,2026-06-26 16:37:09
18783922,yes,no,no,0,llama3.2:1b,1.935672,2026-06-26 16:37:12
15528969,yes,No,no,0,llama3.2:1b,1.33451,2026-06-26 16:37:13
19482903,yes,no,no,0,llama3.2:1b,1.540018,2026-06-26 16:37:15
11977907,yes,no,no,0,llama3.2:1b,1.555346,2026-06-26 16:37:17
17306983,yes,maybe,maybe,0,llama3.2:1b,1.553687,2026-06-26 16:37:18
24318956,yes,no,no,0,llama3.2:1b,1.533576,2026-06-26 16:37:20
22266735,yes,no,no,0,llama3.2:1b,1.799211,2026-06-26 16:37:22
22453060,yes,maybe,maybe,0,llama3.2:1b,1.89607,2026-06-26 16:37:24
10401824,yes,no,no,0,llama3.2:1b,2.446832,2026-06-26 16:37:27
15208005,yes,maybe,maybe,0,llama3.2:1b,1.452553,2026-06-26 16:37:29
16713745,yes,no,no,0,llama3.2:1b,1.644281,2026-06-26 16:37:30
21864397,yes,maybe,maybe,0,llama3.2:1b,1.713745,2026-06-26 16:37:32
25810292,yes,Yes,yes,1,llama3.2:1b,1.7119,2026-06-26 16:37:34
11943048,yes,maybe,maybe,0,llama3.2:1b,2.435351,2026-06-26 16:37:37
23347337,yes,maybe,maybe,0,llama3.2:1b,1.746475,2026-06-26 16:37:39
23992109,yes,maybe,maybe,0,llama3.2:1b,2.08175,2026-06-26 16:37:41
10922093,yes,yes,yes,1,llama3.2:1b,1.486981,2026-06-26 16:37:43
26601554,yes,no,no,0,llama3.2:1b,1.20545,2026-06-26 16:37:44
15489384,yes,maybe,maybe,0,llama3.2:1b,1.683013,2026-06-26 16:37:46
27818079,yes,No,no,0,llama3.2:1b,1.43789,2026-06-26 16:37:48
24340838,yes,no,no,0,llama3.2:1b,1.661341,2026-06-26 16:37:50
16971978,yes,Yes,yes,1,llama3.2:1b,1.899308,2026-06-26 16:37:52
21689015,yes,yes,yes,1,llama3.2:1b,1.416317,2026-06-26 16:37:53
12846929,yes,maybe,maybe,0,llama3.2:1b,1.429355,2026-06-26 16:37:55
22694248,yes,Maybe,maybe,0,llama3.2:1b,1.437695,2026-06-26 16:37:57
15488260,yes,no,no,0,llama3.2:1b,1.208287,2026-06-26 16:37:58
23690198,yes,yes,yes,1,llama3.2:1b,1.66219,2026-06-26 16:38:00
10173769,yes,maybe,maybe,0,llama3.2:1b,1.680856,2026-06-26 16:38:02
12098035,yes,maybe,maybe,0,llama3.2:1b,1.682851,2026-06-26 16:38:04
23448747,yes,no,no,0,llama3.2:1b,1.429392,2026-06-26 16:38:05
24359102,yes,No,no,0,llama3.2:1b,1.420296,2026-06-26 16:38:07
14697414,yes,maybe,maybe,0,llama3.2:1b,2.108962,2026-06-26 16:38:09
15050326,yes,no,no,0,llama3.2:1b,1.908563,2026-06-26 16:38:12
27131771,yes,maybe,maybe,0,llama3.2:1b,1.46123,2026-06-26 16:38:13
26923375,yes,no,no,0,llama3.2:1b,2.114866,2026-06-26 16:38:16
15841770,yes,maybe,maybe,0,llama3.2:1b,1.690121,2026-06-26 16:38:17
25503376,yes,no,no,0,llama3.2:1b,1.897613,2026-06-26 16:38:20
19394934,yes,Maybe,maybe,0,llama3.2:1b,1.666435,2026-06-26 16:38:21
22188074,yes,yes,yes,1,llama3.2:1b,1.699859,2026-06-26 16:38:23
21394762,yes,no,no,0,llama3.2:1b,1.216446,2026-06-26 16:38:25
9582182,yes,yes,yes,1,llama3.2:1b,1.409957,2026-06-26 16:38:26
28056802,yes,maybe,maybe,0,llama3.2:1b,2.073802,2026-06-26 16:38:29
18182265,yes,maybe,maybe,0,llama3.2:1b,1.922068,2026-06-26 16:38:31
9142039,yes,maybe,maybe,0,llama3.2:1b,1.724082,2026-06-26 16:38:33
20084845,yes,maybe,maybe,0,llama3.2:1b,1.452746,2026-06-26 16:38:34
24298614,yes,no,no,0,llama3.2:1b,1.458721,2026-06-26 16:38:36
12145243,yes,no,no,0,llama3.2:1b,1.46733,2026-06-26 16:38:38
21952349,yes,no,no,0,llama3.2:1b,1.44585,2026-06-26 16:38:40
27592038,yes,No,no,0,llama3.2:1b,1.716147,2026-06-26 16:38:41
25481573,yes,no,no,0,llama3.2:1b,1.257636,2026-06-26 16:38:43
20306735,yes,No,no,0,llama3.2:1b,1.920066,2026-06-26 16:38:45
26864326,yes,no,no,0,llama3.2:1b,1.944961,2026-06-26 16:38:47
21123461,yes,no,no,0,llama3.2:1b,1.927261,2026-06-26 16:38:49
12963175,yes,Maybe,maybe,0,llama3.2:1b,1.709829,2026-06-26 16:38:51
10548670,yes,no,no,0,llama3.2:1b,1.933898,2026-06-26 16:38:54
21848798,yes,no,no,0,llama3.2:1b,1.942324,2026-06-26 16:38:56
25675614,yes,no,no,0,llama3.2:1b,1.513532,2026-06-26 16:38:58
25986020,yes,no,no,0,llama3.2:1b,1.505316,2026-06-26 16:38:59
18472368,yes,no,no,0,llama3.2:1b,1.761919,2026-06-26 16:39:01
26578404,yes,maybe,maybe,0,llama3.2:1b,2.240856,2026-06-26 16:39:04
14872327,yes,no,no,0,llama3.2:1b,1.295652,2026-06-26 16:39:05
23412195,yes,no,no,0,llama3.2:1b,1.750035,2026-06-26 16:39:07
24139705,yes,No,no,0,llama3.2:1b,1.984583,2026-06-26 16:39:09
23224030,yes,No,no,0,llama3.2:1b,1.7699,2026-06-26 16:39:11
24013712,yes,no,no,0,llama3.2:1b,1.776906,2026-06-26 16:39:14
15943725,yes,maybe,maybe,0,llama3.2:1b,1.978324,2026-06-26 16:39:16
27456836,yes,no,no,0,llama3.2:1b,1.957781,2026-06-26 16:39:18
24671913,yes,no,no,0,llama3.2:1b,1.953182,2026-06-26 16:39:20
22825590,yes,no,no,0,llama3.2:1b,1.974785,2026-06-26 16:39:22
23361217,yes,no,no,0,llama3.2:1b,1.526188,2026-06-26 16:39:24
18307476,yes,maybe,maybe,0,llama3.2:1b,1.697707,2026-06-26 16:39:26
22237146,yes,yes,yes,1,llama3.2:1b,1.741822,2026-06-26 16:39:28
25043083,yes,yes,yes,1,llama3.2:1b,2.136713,2026-06-26 16:39:30
26561905,yes,no,no,0,llama3.2:1b,1.523421,2026-06-26 16:39:32
23517744,yes,yes,yes,1,llama3.2:1b,1.500172,2026-06-26 16:39:34
27136599,yes,no,no,0,llama3.2:1b,1.262088,2026-06-26 16:39:35
10749257,yes,no,no,0,llama3.2:1b,1.325112,2026-06-26 16:39:37
17598882,yes,maybe,maybe,0,llama3.2:1b,1.757937,2026-06-26 16:39:39
15223779,yes,no,no,0,llama3.2:1b,1.764979,2026-06-26 16:39:41
16776337,yes,no,no,0,llama3.2:1b,1.041515,2026-06-26 16:39:42
23916653,yes,maybe,maybe,0,llama3.2:1b,1.712162,2026-06-26 16:39:44
10201555,yes,yes,yes,1,llama3.2:1b,1.759894,2026-06-26 16:39:46
24751724,yes,maybe,maybe,0,llama3.2:1b,2.422901,2026-06-26 16:39:49
8910148,yes,no,no,0,llama3.2:1b,1.948808,2026-06-26 16:39:51
18065862,yes,no,no,0,llama3.2:1b,1.276375,2026-06-26 16:39:53
22617083,yes,maybe,maybe,0,llama3.2:1b,1.263224,2026-06-26 16:39:54
25499207,yes,no,no,0,llama3.2:1b,2.366455,2026-06-26 16:39:57
16465002,yes,maybe,maybe,0,llama3.2:1b,1.757598,2026-06-26 16:39:59
25940336,yes,maybe,maybe,0,llama3.2:1b,2.350238,2026-06-26 16:40:01
24191126,yes,no,no,0,llama3.2:1b,1.375705,2026-06-26 16:40:03
8375607,yes,no,no,0,llama3.2:1b,1.323954,2026-06-26 16:40:05
26965932,yes,maybe,maybe,0,llama3.2:1b,2.243075,2026-06-26 16:40:07
22012962,yes,maybe,maybe,0,llama3.2:1b,1.803031,2026-06-26 16:40:09
12442934,yes,no,no,0,llama3.2:1b,1.314589,2026-06-26 16:40:11
19430778,yes,Maybe,maybe,0,llama3.2:1b,1.78367,2026-06-26 16:40:13
20605051,yes,maybe,maybe,0,llama3.2:1b,1.258714,2026-06-26 16:40:14
19108857,yes,maybe,maybe,0,llama3.2:1b,1.478863,2026-06-26 16:40:16
24516646,yes,no,no,0,llama3.2:1b,1.957055,2026-06-26 16:40:18
25752725,yes,maybe,maybe,0,llama3.2:1b,1.744785,2026-06-26 16:40:20
20537205,yes,maybe,maybe,0,llama3.2:1b,1.263487,2026-06-26 16:40:22
20602784,yes,maybe,maybe,0,llama3.2:1b,1.239958,2026-06-26 16:40:23
22302761,yes,no,no,0,llama3.2:1b,2.149126,2026-06-26 16:40:25
18322741,yes,maybe,maybe,0,llama3.2:1b,1.97937,2026-06-26 16:40:28
14692023,yes,no,no,0,llama3.2:1b,1.49482,2026-06-26 16:40:29
22348433,yes,maybe,maybe,0,llama3.2:1b,1.29509,2026-06-26 16:40:31
26215326,yes,maybe,maybe,0,llama3.2:1b,1.774053,2026-06-26 16:40:33
23539689,yes,no,no,0,llama3.2:1b,1.023568,2026-06-26 16:40:34
9363244,yes,no,no,0,llama3.2:1b,1.006811,2026-06-26 16:40:35
24507422,yes,yes,yes,1,llama3.2:1b,1.727471,2026-06-26 16:40:37
22350859,yes,no,no,0,llama3.2:1b,1.271192,2026-06-26 16:40:39
19640728,yes,No,no,0,llama3.2:1b,1.706453,2026-06-26 16:40:41
23806388,yes,maybe,maybe,0,llama3.2:1b,1.759782,2026-06-26 16:40:43
9920954,yes,no,no,0,llama3.2:1b,2.161309,2026-06-26 16:40:45
8916748,yes,No,no,0,llama3.2:1b,1.500194,2026-06-26 16:40:47
11970923,yes,no,no,0,llama3.2:1b,1.014152,2026-06-26 16:40:48
19302863,yes,no,no,0,llama3.2:1b,1.733185,2026-06-26 16:40:50
22532370,yes,no,no,0,llama3.2:1b,1.047696,2026-06-26 16:40:52
18179827,yes,no,no,0,llama3.2:1b,1.478891,2026-06-26 16:40:53
18399830,yes,no,no,0,llama3.2:1b,2.277314,2026-06-26 16:40:56
12595848,yes,no,no,0,llama3.2:1b,2.305205,2026-06-26 16:40:58
18158048,yes,no,no,0,llama3.2:1b,1.567315,2026-06-26 16:41:00
23848044,yes,no,no,0,llama3.2:1b,0.8324479,2026-06-26 16:41:01
11481172,yes,maybe,maybe,0,llama3.2:1b,0.9944166,2026-06-26 16:41:03
28247485,yes,yes,yes,1,llama3.2:1b,1.72651,2026-06-26 16:41:05
24977765,yes,Maybe,maybe,0,llama3.2:1b,1.958555,2026-06-26 16:41:07
14551704,yes,no,no,0,llama3.2:1b,1.503211,2026-06-26 16:41:08
12632437,yes,no,no,0,llama3.2:1b,2.674769,2026-06-26 16:41:11
20850631,yes,no,no,0,llama3.2:1b,2.14617,2026-06-26 16:41:14
17565137,yes,no,no,0,llama3.2:1b,1.916511,2026-06-26 16:41:16
9616411,yes,no,no,0,llama3.2:1b,1.286991,2026-06-26 16:41:17
22720085,yes,no,no,0,llama3.2:1b,1.907998,2026-06-26 16:41:20
21074975,yes,no,no,0,llama3.2:1b,1.506426,2026-06-26 16:41:21
25604390,yes,maybe,maybe,0,llama3.2:1b,1.926767,2026-06-26 16:41:23
14968373,yes,no,no,0,llama3.2:1b,1.271956,2026-06-26 16:41:25
10135926,yes,no,no,0,llama3.2:1b,1.441456,2026-06-26 16:41:27
19419587,yes,no,no,0,llama3.2:1b,1.705133,2026-06-26 16:41:29
23379759,yes,no,no,0,llama3.2:1b,1.309546,2026-06-26 16:41:30
19923859,yes,no,no,0,llama3.2:1b,1.256726,2026-06-26 16:41:32
22656647,yes,no,no,0,llama3.2:1b,1.461556,2026-06-26 16:41:33
12163782,yes,no,no,0,llama3.2:1b,2.207565,2026-06-26 16:41:36
21658267,yes,no,no,0,llama3.2:1b,1.937957,2026-06-26 16:41:38
9199905,yes,No.,no,0,llama3.2:1b,1.766593,2026-06-26 16:41:40
23375036,yes,no,no,0,llama3.2:1b,1.255189,2026-06-26 16:41:41
24495711,yes,no,no,0,llama3.2:1b,1.470872,2026-06-26 16:41:43
26820719,yes,no,no,0,llama3.2:1b,1.973475,2026-06-26 16:41:45
26516021,yes,no,no,0,llama3.2:1b,1.981196,2026-06-26 16:41:48
20064872,yes,maybe,maybe,0,llama3.2:1b,2.186607,2026-06-26 16:41:50
15708048,yes,no,no,0,llama3.2:1b,1.728996,2026-06-26 16:41:52
29112560,yes,no,no,0,llama3.2:1b,1.972234,2026-06-26 16:41:54
23949294,yes,no,no,0,llama3.2:1b,1.763788,2026-06-26 16:41:56
10877371,yes,No,no,0,llama3.2:1b,1.479861,2026-06-26 16:41:58
23870157,yes,no,no,0,llama3.2:1b,1.726025,2026-06-26 16:42:00
18540901,yes,no,no,0,llama3.2:1b,1.510181,2026-06-26 16:42:02
21420186,yes,yes,yes,1,llama3.2:1b,1.725358,2026-06-26 16:42:04
12484580,yes,no,no,0,llama3.2:1b,1.003456,2026-06-26 16:42:05
23321509,yes,maybe,maybe,0,llama3.2:1b,2.118876,2026-06-26 16:42:07
26907557,yes,maybe,maybe,0,llama3.2:1b,1.273605,2026-06-26 16:42:09
22644412,yes,no,no,0,llama3.2:1b,1.899533,2026-06-26 16:42:11
25521278,yes,no,no,0,llama3.2:1b,1.018934,2026-06-26 16:42:12
21845457,yes,yes,yes,1,llama3.2:1b,1.669277,2026-06-26 16:42:14
18565233,yes,no,no,0,llama3.2:1b,1.947407,2026-06-26 16:42:16
17894828,yes,no,no,0,llama3.2:1b,1.761515,2026-06-26 16:42:18
10490564,yes,no,no,0,llama3.2:1b,1.933176,2026-06-26 16:42:20
7860319,yes,no,no,0,llama3.2:1b,1.525012,2026-06-26 16:42:22
18568239,yes,no,no,0,llama3.2:1b,1.690599,2026-06-26 16:42:24
9488747,yes,maybe,maybe,0,llama3.2:1b,1.255728,2026-06-26 16:42:25
20354380,yes,maybe,maybe,0,llama3.2:1b,1.497415,2026-06-26 16:42:27
24245816,yes,No,no,0,llama3.2:1b,1.493879,2026-06-26 16:42:29
11481599,yes,maybe,maybe,0,llama3.2:1b,1.229885,2026-06-26 16:42:30
27217036,yes,no,no,0,llama3.2:1b,1.944627,2026-06-26 16:42:32
23283159,yes,no,no,0,llama3.2:1b,2.169935,2026-06-26 16:42:35
19593710,yes,no,no,0,llama3.2:1b,1.735334,2026-06-26 16:42:37
18693227,yes,maybe,maybe,0,llama3.2:1b,1.461824,2026-06-26 16:42:38
21346501,yes,no,no,0,llama3.2:1b,1.481641,2026-06-26 16:42:40
17910536,yes,yes,yes,1,llama3.2:1b,1.717555,2026-06-26 16:42:42
26304701,yes,yes,yes,1,llama3.2:1b,1.51122,2026-06-26 16:42:44
18616781,yes,Yes,yes,1,llama3.2:1b,2.401892,2026-06-26 16:42:46
9483814,yes,no,no,0,llama3.2:1b,1.974771,2026-06-26 16:42:49
12848629,yes,no,no,0,llama3.2:1b,1.509659,2026-06-26 16:42:50
25280365,yes,no,no,0,llama3.2:1b,1.484344,2026-06-26 16:42:52
25311479,yes,no,no,0,llama3.2:1b,1.707133,2026-06-26 16:42:54
16046584,yes,no,no,0,llama3.2:1b,1.509447,2026-06-26 16:42:56
26418441,yes,Maybe,maybe,0,llama3.2:1b,1.718043,2026-06-26 16:42:58
22683044,yes,maybe,maybe,0,llama3.2:1b,1.726869,2026-06-26 16:43:00
26200172,yes,no,no,0,llama3.2:1b,1.960637,2026-06-26 16:43:02
20121683,yes,maybe,maybe,0,llama3.2:1b,1.265691,2026-06-26 16:43:03
18222909,yes,Yes,yes,1,llama3.2:1b,1.456944,2026-06-26 16:43:05
12221908,yes,maybe,maybe,0,llama3.2:1b,1.906737,2026-06-26 16:43:07
24014276,yes,Maybe,maybe,0,llama3.2:1b,1.923047,2026-06-26 16:43:09
24270957,yes,No,no,0,llama3.2:1b,1.753447,2026-06-26 16:43:11
18507507,yes,no,no,0,llama3.2:1b,1.282741,2026-06-26 16:43:13
16772913,yes,maybe,maybe,0,llama3.2:1b,1.898477,2026-06-26 16:43:15
12172698,yes,no,no,0,llama3.2:1b,1.94737,2026-06-26 16:43:17
26460153,yes,No,no,0,llama3.2:1b,1.746481,2026-06-26 16:43:19
12419743,yes,No,no,0,llama3.2:1b,1.722161,2026-06-26 16:43:21
25725704,yes,no,no,0,llama3.2:1b,1.751385,2026-06-26 16:43:23
25669733,yes,no,no,0,llama3.2:1b,1.712306,2026-06-26 16:43:25
24614789,yes,no,no,0,llama3.2:1b,1.029359,2026-06-26 16:43:26
24996865,yes,maybe,maybe,0,llama3.2:1b,1.443717,2026-06-26 16:43:28
18928979,yes,maybe,maybe,0,llama3.2:1b,1.243292,2026-06-26 16:43:29
25699562,yes,yes,yes,1,llama3.2:1b,1.261839,2026-06-26 16:43:31
24577079,no,no,no,1,llama3.2:1b,1.470983,2026-06-26 16:43:33
24669960,no,maybe,maybe,0,llama3.2:1b,1.943012,2026-06-26 16:43:35
15502995,no,no,no,1,llama3.2:1b,1.517877,2026-06-26 16:43:36
21214884,no,no,no,1,llama3.2:1b,0.7981809,2026-06-26 16:43:38
24476003,no,No,no,1,llama3.2:1b,1.713459,2026-06-26 16:43:40
22758782,no,maybe,maybe,0,llama3.2:1b,1.727717,2026-06-26 16:43:41
14627582,no,no,no,1,llama3.2:1b,1.934709,2026-06-26 16:43:44
24666444,no,no,no,1,llama3.2:1b,1.499194,2026-06-26 16:43:45
18496363,no,maybe,maybe,0,llama3.2:1b,1.719161,2026-06-26 16:43:47
12040336,no,no,no,1,llama3.2:1b,1.729352,2026-06-26 16:43:49
14631523,no,no,no,1,llama3.2:1b,1.490363,2026-06-26 16:43:51
21823940,no,no,no,1,llama3.2:1b,1.705306,2026-06-26 16:43:53
17971187,no,no,no,1,llama3.2:1b,0.9960215,2026-06-26 16:43:54
27642458,no,no,no,1,llama3.2:1b,1.441096,2026-06-26 16:43:56
12970636,no,no,no,1,llama3.2:1b,1.715149,2026-06-26 16:43:58
11138995,no,no,no,1,llama3.2:1b,1.488195,2026-06-26 16:44:00
15388567,no,no,no,1,llama3.2:1b,0.8167157,2026-06-26 16:44:01
19142546,no,Yes,yes,0,llama3.2:1b,1.707301,2026-06-26 16:44:03
8921484,no,no,no,1,llama3.2:1b,1.268406,2026-06-26 16:44:04
26209118,no,maybe,maybe,0,llama3.2:1b,1.910008,2026-06-26 16:44:06
22668852,no,no,no,1,llama3.2:1b,1.755909,2026-06-26 16:44:08
18019905,no,no,no,1,llama3.2:1b,1.45765,2026-06-26 16:44:10
18378554,no,maybe,maybe,0,llama3.2:1b,1.236936,2026-06-26 16:44:11
24073931,no,maybe,maybe,0,llama3.2:1b,2.175915,2026-06-26 16:44:14
7547656,no,no,no,1,llama3.2:1b,1.747962,2026-06-26 16:44:16
28359277,no,no,no,1,llama3.2:1b,1.277919,2026-06-26 16:44:17
18667100,no,no,no,1,llama3.2:1b,1.456511,2026-06-26 16:44:19
10781708,no,maybe,maybe,0,llama3.2:1b,1.24006,2026-06-26 16:44:20
22522271,no,maybe,maybe,0,llama3.2:1b,1.500874,2026-06-26 16:44:22
11955750,no,no,no,1,llama3.2:1b,1.481072,2026-06-26 16:44:24
26126304,no,no,no,1,llama3.2:1b,1.487384,2026-06-26 16:44:26
27338535,no,no,no,1,llama3.2:1b,2.880301,2026-06-26 16:44:29
24799031,no,maybe,maybe,0,llama3.2:1b,1.081611,2026-06-26 16:44:30
18319270,no,maybe,maybe,0,llama3.2:1b,1.728692,2026-06-26 16:44:32
21789019,no,no,no,1,llama3.2:1b,1.280934,2026-06-26 16:44:33
11567820,no,no,no,1,llama3.2:1b,1.705779,2026-06-26 16:44:36
10966943,no,No,no,1,llama3.2:1b,1.300191,2026-06-26 16:44:37
8199520,no,no,no,1,llama3.2:1b,1.2636,2026-06-26 16:44:39
21889895,no,no,no,1,llama3.2:1b,1.510376,2026-06-26 16:44:40
26113007,no,no,no,1,llama3.2:1b,1.02076,2026-06-26 16:44:42
17208539,no,yes,yes,0,llama3.2:1b,1.723603,2026-06-26 16:44:44
20538207,no,maybe,maybe,0,llama3.2:1b,1.516068,2026-06-26 16:44:45
9603166,no,No,no,1,llama3.2:1b,1.26809,2026-06-26 16:44:47
21194998,no,no,no,1,llama3.2:1b,1.906339,2026-06-26 16:44:49
21252642,no,no,no,1,llama3.2:1b,1.292651,2026-06-26 16:44:51
16678696,no,no,no,1,llama3.2:1b,1.950633,2026-06-26 16:44:53
20549895,no,no,no,1,llama3.2:1b,1.947558,2026-06-26 16:44:55
16418930,no,maybe,maybe,0,llama3.2:1b,1.75537,2026-06-26 16:44:57
8521557,no,No,no,1,llama3.2:1b,1.701929,2026-06-26 16:44:59
16809243,no,no,no,1,llama3.2:1b,1.50875,2026-06-26 16:45:01
10798511,no,no,no,1,llama3.2:1b,1.017497,2026-06-26 16:45:02
10834864,no,no,no,1,llama3.2:1b,1.284178,2026-06-26 16:45:03
16962519,no,no,no,1,llama3.2:1b,1.703304,2026-06-26 16:45:05
19575104,no,maybe,maybe,0,llama3.2:1b,1.246273,2026-06-26 16:45:07
24809662,no,No.,no,1,llama3.2:1b,1.957325,2026-06-26 16:45:09
20602101,no,no,no,1,llama3.2:1b,1.481069,2026-06-26 16:45:11
26852225,no,maybe,maybe,0,llama3.2:1b,1.500721,2026-06-26 16:45:12
19398929,no,no,no,1,llama3.2:1b,1.47209,2026-06-26 16:45:14
25614468,no,yes,yes,0,llama3.2:1b,1.726809,2026-06-26 16:45:16
11926574,no,yes,yes,0,llama3.2:1b,1.918485,2026-06-26 16:45:18
10973547,no,no,no,1,llama3.2:1b,1.946062,2026-06-26 16:45:20
26471488,no,no,no,1,llama3.2:1b,1.981434,2026-06-26 16:45:23
19520213,no,no,no,1,llama3.2:1b,1.270462,2026-06-26 16:45:24
23677366,no,maybe,maybe,0,llama3.2:1b,2.362337,2026-06-26 16:45:27
17342562,no,no,no,1,llama3.2:1b,1.767448,2026-06-26 16:45:29
16296668,no,no,no,1,llama3.2:1b,1.494248,2026-06-26 16:45:30
17054994,no,maybe,maybe,0,llama3.2:1b,1.246913,2026-06-26 16:45:32
26556589,no,no,no,1,llama3.2:1b,1.687606,2026-06-26 16:45:34
15052394,no,no,no,1,llama3.2:1b,1.522484,2026-06-26 16:45:36
22513023,no,no,no,1,llama3.2:1b,1.00913,2026-06-26 16:45:37
15919266,no,maybe,maybe,0,llama3.2:1b,1.468399,2026-06-26 16:45:39
15095519,no,no,no,1,llama3.2:1b,1.258644,2026-06-26 16:45:40
12006913,no,maybe,maybe,0,llama3.2:1b,1.712428,2026-06-26 16:45:42
8738894,no,no,no,1,llama3.2:1b,1.732717,2026-06-26 16:45:44
21431987,no,no,no,1,llama3.2:1b,1.705724,2026-06-26 16:45:46
22154448,no,no,no,1,llama3.2:1b,1.733501,2026-06-26 16:45:48
15053041,no,no,no,1,llama3.2:1b,1.949,2026-06-26 16:45:50
22365295,no,No,no,1,llama3.2:1b,1.543475,2026-06-26 16:45:52
19546588,no,No,no,1,llama3.2:1b,2.154398,2026-06-26 16:45:54
7482275,no,maybe,maybe,0,llama3.2:1b,1.487176,2026-06-26 16:45:56
24698298,no,no,no,1,llama3.2:1b,2.133586,2026-06-26 16:45:58
18274917,no,maybe,maybe,0,llama3.2:1b,1.46645,2026-06-26 16:46:00
21946341,no,no,no,1,llama3.2:1b,1.725487,2026-06-26 16:46:02
23568387,no,maybe,maybe,0,llama3.2:1b,1.755149,2026-06-26 16:46:04
21256734,no,no,no,1,llama3.2:1b,1.275364,2026-06-26 16:46:05
22534881,no,no,no,1,llama3.2:1b,1.482332,2026-06-26 16:46:07
8566975,no,no,no,1,llama3.2:1b,1.018297,2026-06-26 16:46:08
23761381,no,no,no,1,llama3.2:1b,1.205261,2026-06-26 16:46:10
22668712,no,no,no,1,llama3.2:1b,1.02662,2026-06-26 16:46:11
22023714,no,no,no,1,llama3.2:1b,1.495934,2026-06-26 16:46:13
22504515,no,No,no,1,llama3.2:1b,1.83029,2026-06-26 16:46:15
21164063,no,Maybe,maybe,0,llama3.2:1b,1.846601,2026-06-26 16:46:17
18359123,no,no,no,1,llama3.2:1b,1.34004,2026-06-26 16:46:19
16827975,no,Yes,yes,0,llama3.2:1b,2.2583,2026-06-26 16:46:21
24922528,no,no,no,1,llama3.2:1b,1.405515,2026-06-26 16:46:23
15774570,no,No,no,1,llama3.2:1b,1.810807,2026-06-26 16:46:25
20736887,no,no,no,1,llama3.2:1b,2.11243,2026-06-26 16:46:27
11483547,no,no,no,1,llama3.2:1b,2.235498,2026-06-26 16:46:30
9542484,no,no,no,1,llama3.2:1b,2.445843,2026-06-26 16:46:32
18708308,no,No,no,1,llama3.2:1b,1.505809,2026-06-26 16:46:34
18435678,no,no,no,1,llama3.2:1b,1.522593,2026-06-26 16:46:36
23455575,no,no,no,1,llama3.2:1b,1.314536,2026-06-26 16:46:38
22537902,no,no,no,1,llama3.2:1b,1.755201,2026-06-26 16:46:40
18926458,no,no,no,1,llama3.2:1b,1.703098,2026-06-26 16:46:42
12090319,no,no,no,1,llama3.2:1b,1.480466,2026-06-26 16:46:43
12380309,no,maybe,maybe,0,llama3.2:1b,1.511237,2026-06-26 16:46:45
27989969,no,no,no,1,llama3.2:1b,1.92577,2026-06-26 16:46:47
25752912,no,no,no,1,llama3.2:1b,1.521958,2026-06-26 16:46:49
26536001,no,maybe,maybe,0,llama3.2:1b,1.951426,2026-06-26 16:46:51
21849531,no,no,no,1,llama3.2:1b,1.510225,2026-06-26 16:46:53
16872243,no,no,no,1,llama3.2:1b,1.02198,2026-06-26 16:46:54
23571528,no,no,no,1,llama3.2:1b,1.241189,2026-06-26 16:46:56
19481382,no,no,no,1,llama3.2:1b,2.148093,2026-06-26 16:46:58
23621776,no,no,no,1,llama3.2:1b,1.474426,2026-06-26 16:47:00
22227642,no,no,no,1,llama3.2:1b,1.967231,2026-06-26 16:47:02
23025584,no,maybe,maybe,0,llama3.2:1b,1.507299,2026-06-26 16:47:04
11862129,no,no,no,1,llama3.2:1b,1.273924,2026-06-26 16:47:05
22236315,no,maybe,maybe,0,llama3.2:1b,1.284956,2026-06-26 16:47:07
21361755,no,no,no,1,llama3.2:1b,2.236389,2026-06-26 16:47:09
18719011,no,no,no,1,llama3.2:1b,1.308681,2026-06-26 16:47:11
11438275,no,yes,yes,0,llama3.2:1b,1.027357,2026-06-26 16:47:12
16778275,no,maybe,maybe,0,llama3.2:1b,1.49123,2026-06-26 16:47:14
17051586,no,no,no,1,llama3.2:1b,1.745993,2026-06-26 16:47:16
24061619,no,maybe,maybe,0,llama3.2:1b,2.11544,2026-06-26 16:47:18
22233470,no,No,no,1,llama3.2:1b,1.52295,2026-06-26 16:47:20
23497210,no,no,no,1,llama3.2:1b,2.16162,2026-06-26 16:47:22
25488308,no,no,no,1,llama3.2:1b,1.953104,2026-06-26 16:47:24
22382608,no,no,no,1,llama3.2:1b,2.674291,2026-06-26 16:47:27
19237087,no,no,no,1,llama3.2:1b,1.307526,2026-06-26 16:47:29
10381996,no,maybe,maybe,0,llama3.2:1b,1.697029,2026-06-26 16:47:31
9100537,no,maybe,maybe,0,llama3.2:1b,1.239567,2026-06-26 16:47:32
23422012,no,maybe,maybe,0,llama3.2:1b,1.715095,2026-06-26 16:47:34
22876568,no,No,no,1,llama3.2:1b,1.942228,2026-06-26 16:47:36
17445978,no,no,no,1,llama3.2:1b,1.747684,2026-06-26 16:47:38
20608141,no,no,no,1,llama3.2:1b,1.507823,2026-06-26 16:47:40
23177368,no,no,no,1,llama3.2:1b,1.25385,2026-06-26 16:47:41
8847047,no,no,no,1,llama3.2:1b,1.673734,2026-06-26 16:47:43
22011946,no,maybe,maybe,0,llama3.2:1b,1.914283,2026-06-26 16:47:46
27394685,no,no,no,1,llama3.2:1b,2.15,2026-06-26 16:47:48
23794696,no,no,no,1,llama3.2:1b,1.724036,2026-06-26 16:47:50
23076787,no,no,no,1,llama3.2:1b,1.006823,2026-06-26 16:47:51
19854401,no,yes,yes,0,llama3.2:1b,1.473905,2026-06-26 16:47:53
14652839,no,no,no,1,llama3.2:1b,1.238093,2026-06-26 16:47:54
7664228,no,No,no,1,llama3.2:1b,2.134838,2026-06-26 16:47:57
17062234,no,No,no,1,llama3.2:1b,1.748197,2026-06-26 16:47:59
24449622,no,maybe,maybe,0,llama3.2:1b,1.710724,2026-06-26 16:48:01
12070552,no,yes,yes,0,llama3.2:1b,1.2573,2026-06-26 16:48:02
19836806,no,no,no,1,llama3.2:1b,1.464496,2026-06-26 16:48:04
19913785,no,no,no,1,llama3.2:1b,1.941772,2026-06-26 16:48:06
24739448,no,No,no,1,llama3.2:1b,1.935996,2026-06-26 16:48:08
24625433,no,no,no,1,llama3.2:1b,1.762975,2026-06-26 16:48:10
16403186,no,maybe,maybe,0,llama3.2:1b,2.396324,2026-06-26 16:48:13
10375486,no,no,no,1,llama3.2:1b,1.28694,2026-06-26 16:48:14
17032327,no,no,no,1,llama3.2:1b,1.734309,2026-06-26 16:48:16
27643961,no,no,no,1,llama3.2:1b,1.489006,2026-06-26 16:48:18
22042121,no,no,no,1,llama3.2:1b,1.477458,2026-06-26 16:48:20
17274051,no,No,no,1,llama3.2:1b,1.708215,2026-06-26 16:48:22
27096199,no,No,no,1,llama3.2:1b,1.927884,2026-06-26 16:48:24
7497757,no,Maybe,maybe,0,llama3.2:1b,1.737952,2026-06-26 16:48:26
21459725,no,no,no,1,llama3.2:1b,2.169004,2026-06-26 16:48:28
27040842,no,no,no,1,llama3.2:1b,1.222852,2026-06-26 16:48:29
20187289,no,no,no,1,llama3.2:1b,1.675972,2026-06-26 16:48:31
21712147,no,maybe,maybe,0,llama3.2:1b,1.962365,2026-06-26 16:48:34
10456814,no,yes,yes,0,llama3.2:1b,2.156327,2026-06-26 16:48:36
17192736,no,Yes,yes,0,llama3.2:1b,1.95925,2026-06-26 16:48:38
27757987,no,maybe,maybe,0,llama3.2:1b,1.746439,2026-06-26 16:48:40
12769830,no,maybe,maybe,0,llama3.2:1b,1.490608,2026-06-26 16:48:42
22251324,no,maybe,maybe,0,llama3.2:1b,1.240097,2026-06-26 16:48:43
28196511,no,No,no,1,llama3.2:1b,1.721472,2026-06-26 16:48:45
18284441,maybe,no,no,0,llama3.2:1b,1.724914,2026-06-26 16:48:47
18802997,maybe,No.,no,0,llama3.2:1b,1.787518,2026-06-26 16:48:49
17621202,maybe,no,no,0,llama3.2:1b,1.27791,2026-06-26 16:48:51
11411430,maybe,no,no,0,llama3.2:1b,1.696805,2026-06-26 16:48:53
26708803,maybe,no,no,0,llama3.2:1b,1.919939,2026-06-26 16:48:55
25079920,maybe,yes,yes,0,llama3.2:1b,1.728194,2026-06-26 16:48:57
25793749,maybe,no,no,0,llama3.2:1b,2.629332,2026-06-26 16:49:00
19103915,maybe,maybe,maybe,1,llama3.2:1b,1.493879,2026-06-26 16:49:02
11867487,maybe,maybe,maybe,1,llama3.2:1b,1.219818,2026-06-26 16:49:03
12630042,maybe,no,no,0,llama3.2:1b,1.478263,2026-06-26 16:49:05
19468282,maybe,maybe,maybe,1,llama3.2:1b,2.120387,2026-06-26 16:49:07
16538201,maybe,no,no,0,llama3.2:1b,1.751728,2026-06-26 16:49:09
20971618,maybe,no,no,0,llama3.2:1b,1.492397,2026-06-26 16:49:11
24336869,maybe,maybe,maybe,1,llama3.2:1b,1.72763,2026-06-26 16:49:13
20197761,maybe,yes,yes,0,llama3.2:1b,1.733495,2026-06-26 16:49:15
16968876,maybe,maybe,maybe,1,llama3.2:1b,1.738606,2026-06-26 16:49:17
26778755,maybe,maybe,maybe,1,llama3.2:1b,1.934584,2026-06-26 16:49:19
18568290,maybe,Maybe,maybe,1,llama3.2:1b,1.92967,2026-06-26 16:49:21
25371231,maybe,No,no,0,llama3.2:1b,1.038663,2026-06-26 16:49:22
25394614,maybe,maybe,maybe,1,llama3.2:1b,1.6971,2026-06-26 16:49:24
11570976,maybe,No.,no,0,llama3.2:1b,1.037893,2026-06-26 16:49:25
16816043,maybe,no,no,0,llama3.2:1b,1.711778,2026-06-26 16:49:27
12805495,maybe,no,no,0,llama3.2:1b,1.715675,2026-06-26 16:49:29
25571931,maybe,no,no,0,llama3.2:1b,1.502804,2026-06-26 16:49:31
19578820,maybe,no,no,0,llama3.2:1b,1.49342,2026-06-26 16:49:33
18243752,maybe,no,no,0,llama3.2:1b,0.9807885,2026-06-26 16:49:34
11458136,maybe,no,no,0,llama3.2:1b,1.229851,2026-06-26 16:49:35
12790890,maybe,no,no,0,llama3.2:1b,1.49094,2026-06-26 16:49:37
18714572,maybe,no,no,0,llama3.2:1b,1.708265,2026-06-26 16:49:39
25103647,maybe,No,no,0,llama3.2:1b,1.736293,2026-06-26 16:49:41
24995509,maybe,no,no,0,llama3.2:1b,2.133864,2026-06-26 16:49:43
27044366,maybe,maybe,maybe,1,llama3.2:1b,1.996198,2026-06-26 16:49:46
26606599,maybe,no,no,0,llama3.2:1b,1.960248,2026-06-26 16:49:48
17076091,maybe,no,no,0,llama3.2:1b,1.231303,2026-06-26 16:49:49
26037986,maybe,yes,yes,0,llama3.2:1b,1.432587,2026-06-26 16:49:51
22491528,maybe,no,no,0,llama3.2:1b,1.268354,2026-06-26 16:49:52
24591144,maybe,maybe,maybe,1,llama3.2:1b,1.710197,2026-06-26 16:49:54
19351635,maybe,no,no,0,llama3.2:1b,2.142787,2026-06-26 16:49:57
20337202,maybe,no,no,0,llama3.2:1b,1.485742,2026-06-26 16:49:58
23149821,maybe,No,no,0,llama3.2:1b,1.699209,2026-06-26 16:50:00
18235194,maybe,no,no,0,llama3.2:1b,1.007327,2026-06-26 16:50:02
16392897,maybe,no,no,0,llama3.2:1b,1.44662,2026-06-26 16:50:03
17940352,maybe,no,no,0,llama3.2:1b,1.712771,2026-06-26 16:50:05
27615402,maybe,no,no,0,llama3.2:1b,1.457979,2026-06-26 16:50:07
25779009,maybe,No,no,0,llama3.2:1b,1.462276,2026-06-26 16:50:09
12407608,maybe,maybe,maybe,1,llama3.2:1b,1.726391,2026-06-26 16:50:11
14599616,maybe,no,no,0,llama3.2:1b,1.261553,2026-06-26 16:50:12
10223070,maybe,yes,yes,0,llama3.2:1b,1.450392,2026-06-26 16:50:14
20736672,maybe,no,no,0,llama3.2:1b,1.708462,2026-06-26 16:50:16
25277731,maybe,no,no,0,llama3.2:1b,0.9961138,2026-06-26 16:50:17
17691856,maybe,no,no,0,llama3.2:1b,1.895172,2026-06-26 16:50:19
16735905,maybe,Maybe,maybe,1,llama3.2:1b,1.941659,2026-06-26 16:50:21
19694846,maybe,no,no,0,llama3.2:1b,1.268321,2026-06-26 16:50:23
25007420,maybe,no,no,0,llama3.2:1b,1.459027,2026-06-26 16:50:24
26134053,maybe,no,no,0,llama3.2:1b,1.700159,2026-06-26 16:50:26
