totalRequestTime,loadSeconds,evalTokensPerSecond,modelName,promptTokenCount,outputTokenCount,timestamp
7.216925,5.829303,46.14142,llama3.2:1b,353.0,2.0,2026-06-26 11:56:20
1.731154,0.1629412,47.08541,llama3.2:1b,446.0,2.0,2026-06-26 11:56:22
1.543601,0.1595579,46.60484,llama3.2:1b,376.0,2.0,2026-06-26 11:56:24
1.33318,0.1628645,46.77815,llama3.2:1b,353.0,2.0,2026-06-26 11:56:25
1.143425,0.160597,47.38887,llama3.2:1b,292.0,2.0,2026-06-26 11:56:27
1.313377,0.1786003,46.88562,llama3.2:1b,330.0,2.0,2026-06-26 11:56:28
1.551977,0.1607183,47.25786,llama3.2:1b,400.0,2.0,2026-06-26 11:56:30
1.323867,0.1635513,47.28356,llama3.2:1b,312.0,2.0,2026-06-26 11:56:31
1.310676,0.1662186,47.18205,llama3.2:1b,334.0,2.0,2026-06-26 11:56:33
1.316273,0.1674363,47.18094,llama3.2:1b,312.0,2.0,2026-06-26 11:56:34
1.142601,0.1652627,47.11647,llama3.2:1b,285.0,2.0,2026-06-26 11:56:36
1.115658,0.1623647,47.2981,llama3.2:1b,269.0,2.0,2026-06-26 11:56:37
1.524924,0.1616031,47.30033,llama3.2:1b,399.0,2.0,2026-06-26 11:56:39
1.340752,0.163291,46.98254,llama3.2:1b,346.0,2.0,2026-06-26 11:56:40
1.938378,0.1600724,46.90652,llama3.2:1b,514.0,2.0,2026-06-26 11:56:42
1.362054,0.1646081,46.47812,llama3.2:1b,365.0,2.0,2026-06-26 11:56:44
1.142156,0.174664,47.02784,llama3.2:1b,288.0,2.0,2026-06-26 11:56:45
1.6824,0.1639583,46.88232,llama3.2:1b,432.0,2.0,2026-06-26 11:56:47
2.003896,0.1616139,47.05218,llama3.2:1b,451.0,2.0,2026-06-26 11:56:49
0.9387535,0.15958,46.68861,llama3.2:1b,236.0,2.0,2026-06-26 11:56:51
1.509146,0.1629548,47.3597,llama3.2:1b,383.0,2.0,2026-06-26 11:56:52
2.020204,0.1596783,43.64525,llama3.2:1b,501.0,2.0,2026-06-26 11:56:54
1.747036,0.1654309,46.22888,llama3.2:1b,439.0,2.0,2026-06-26 11:56:56
2.148164,0.163315,46.28772,llama3.2:1b,571.0,2.0,2026-06-26 11:56:59
1.352028,0.1582654,47.01126,llama3.2:1b,330.0,2.0,2026-06-26 11:57:00
0.9273178,0.1581081,47.00684,llama3.2:1b,226.0,2.0,2026-06-26 11:57:01
1.681304,0.1604636,46.56252,llama3.2:1b,445.0,2.0,2026-06-26 11:57:03
0.9195223,0.1643423,47.38213,llama3.2:1b,190.0,2.0,2026-06-26 11:57:04
1.301167,0.1639156,47.23554,llama3.2:1b,355.0,2.0,2026-06-26 11:57:06
1.332871,0.1589694,47.36306,llama3.2:1b,349.0,2.0,2026-06-26 11:57:08
1.554366,0.1621546,47.03005,llama3.2:1b,407.0,2.0,2026-06-26 11:57:09
1.554868,0.162967,47.00905,llama3.2:1b,408.0,2.0,2026-06-26 11:57:11
1.54247,0.1623799,46.29737,llama3.2:1b,391.0,2.0,2026-06-26 11:57:13
1.326683,0.1606662,47.00242,llama3.2:1b,345.0,2.0,2026-06-26 11:57:14
1.537197,0.1612362,47.12535,llama3.2:1b,418.0,2.0,2026-06-26 11:57:16
1.126816,0.1573202,47.04554,llama3.2:1b,262.0,2.0,2026-06-26 11:57:17
1.114403,0.1599611,47.12424,llama3.2:1b,295.0,2.0,2026-06-26 11:57:19
1.297302,0.1578002,47.00684,llama3.2:1b,306.0,2.0,2026-06-26 11:57:20
1.317812,0.1640986,46.85816,llama3.2:1b,304.0,2.0,2026-06-26 11:57:22
1.319757,0.1634634,46.89882,llama3.2:1b,309.0,2.0,2026-06-26 11:57:23
1.540622,0.1659362,46.94284,llama3.2:1b,373.0,2.0,2026-06-26 11:57:25
1.937942,0.1693074,47.04333,llama3.2:1b,498.0,2.0,2026-06-26 11:57:27
1.578012,0.1593913,47.40235,llama3.2:1b,401.0,2.0,2026-06-26 11:57:29
1.346626,0.1619123,47.00021,llama3.2:1b,325.0,2.0,2026-06-26 11:57:30
1.320817,0.1595707,47.41022,llama3.2:1b,311.0,2.0,2026-06-26 11:57:32
2.158509,0.1616926,46.91312,llama3.2:1b,599.0,2.0,2026-06-26 11:57:34
1.772997,0.1641398,46.75738,llama3.2:1b,463.0,2.0,2026-06-26 11:57:36
2.154596,0.177005,46.74863,llama3.2:1b,578.0,2.0,2026-06-26 11:57:39
1.342055,0.1604908,47.2534,llama3.2:1b,330.0,2.0,2026-06-26 11:57:40
1.312082,0.1629384,46.79895,llama3.2:1b,356.0,2.0,2026-06-26 11:57:42
1.559983,0.1595932,46.82744,llama3.2:1b,423.0,2.0,2026-06-26 11:57:43
1.331399,0.158666,46.98806,llama3.2:1b,351.0,2.0,2026-06-26 11:57:45
1.543177,0.159001,47.31376,llama3.2:1b,401.0,2.0,2026-06-26 11:57:47
1.318166,0.1620701,46.80114,llama3.2:1b,324.0,2.0,2026-06-26 11:57:48
1.322049,0.1599862,47.24112,llama3.2:1b,364.0,2.0,2026-06-26 11:57:50
1.726897,0.1645379,47.22996,llama3.2:1b,464.0,2.0,2026-06-26 11:57:52
1.339702,0.1637765,47.18205,llama3.2:1b,319.0,2.0,2026-06-26 11:57:53
1.540315,0.166073,47.21992,llama3.2:1b,425.0,2.0,2026-06-26 11:57:55
1.139899,0.1624143,47.4001,llama3.2:1b,268.0,2.0,2026-06-26 11:57:56
1.283931,0.1595838,47.09317,llama3.2:1b,315.0,2.0,2026-06-26 11:57:58
0.9373184,0.1652836,47.17093,llama3.2:1b,228.0,2.0,2026-06-26 11:57:59
1.539739,0.162405,47.23666,llama3.2:1b,430.0,2.0,2026-06-26 11:58:01
1.733245,0.1603576,47.13979,llama3.2:1b,452.0,2.0,2026-06-26 11:58:03
1.154434,0.1628125,47.24893,llama3.2:1b,290.0,2.0,2026-06-26 11:58:04
1.309026,0.166936,46.68534,llama3.2:1b,350.0,2.0,2026-06-26 11:58:05
1.327102,0.1625714,47.20989,llama3.2:1b,336.0,2.0,2026-06-26 11:58:07
1.523835,0.1608074,47.07544,llama3.2:1b,370.0,2.0,2026-06-26 11:58:09
1.57399,0.1604823,47.06215,llama3.2:1b,419.0,2.0,2026-06-26 11:58:10
1.352703,0.1698207,47.19875,llama3.2:1b,323.0,2.0,2026-06-26 11:58:12
1.135519,0.1627719,47.14535,llama3.2:1b,263.0,2.0,2026-06-26 11:58:13
1.313753,0.1629172,46.90322,llama3.2:1b,350.0,2.0,2026-06-26 11:58:15
1.348303,0.1629566,47.01679,llama3.2:1b,366.0,2.0,2026-06-26 11:58:16
1.328734,0.1587643,47.31264,llama3.2:1b,364.0,2.0,2026-06-26 11:58:18
1.132438,0.1615379,47.26791,llama3.2:1b,262.0,2.0,2026-06-26 11:58:19
1.119837,0.1637968,46.97151,llama3.2:1b,296.0,2.0,2026-06-26 11:58:21
1.948331,0.1593299,46.85706,llama3.2:1b,544.0,2.0,2026-06-26 11:58:23
1.348538,0.1611515,47.2021,llama3.2:1b,323.0,2.0,2026-06-26 11:58:24
1.532616,0.1557961,47.14868,llama3.2:1b,427.0,2.0,2026-06-26 11:58:26
1.573671,0.1690986,47.03558,llama3.2:1b,422.0,2.0,2026-06-26 11:58:28
1.577157,0.1623529,47.29474,llama3.2:1b,405.0,2.0,2026-06-26 11:58:30
1.532781,0.1608125,47.09317,llama3.2:1b,370.0,2.0,2026-06-26 11:58:31
1.536297,0.1550318,47.03226,llama3.2:1b,405.0,2.0,2026-06-26 11:58:33
1.715272,0.1648796,46.92522,llama3.2:1b,432.0,2.0,2026-06-26 11:58:35
2.162002,0.1603691,46.98917,llama3.2:1b,612.0,2.0,2026-06-26 11:58:37
1.347627,0.1622146,47.00573,llama3.2:1b,316.0,2.0,2026-06-26 11:58:39
1.514155,0.1629928,47.39224,llama3.2:1b,376.0,2.0,2026-06-26 11:58:41
1.552501,0.1589512,47.22439,llama3.2:1b,405.0,2.0,2026-06-26 11:58:42
1.546174,0.1602523,44.54343,llama3.2:1b,380.0,2.0,2026-06-26 11:58:44
2.1303,0.1602526,47.04001,llama3.2:1b,571.0,2.0,2026-06-26 11:58:46
1.570124,0.1636821,47.00794,llama3.2:1b,378.0,2.0,2026-06-26 11:58:48
1.925509,0.1661828,46.45653,llama3.2:1b,501.0,2.0,2026-06-26 11:58:50
1.366803,0.1628687,47.07211,llama3.2:1b,362.0,2.0,2026-06-26 11:58:52
1.117694,0.1570074,47.25116,llama3.2:1b,282.0,2.0,2026-06-26 11:58:53
1.523727,0.1609946,47.01347,llama3.2:1b,411.0,2.0,2026-06-26 11:58:55
1.330166,0.1637881,47.02231,llama3.2:1b,326.0,2.0,2026-06-26 11:58:56
1.517364,0.1629294,47.01568,llama3.2:1b,371.0,2.0,2026-06-26 11:58:58
1.710054,0.1639836,47.20321,llama3.2:1b,443.0,2.0,2026-06-26 11:59:00
1.342688,0.165321,47.07101,llama3.2:1b,306.0,2.0,2026-06-26 11:59:02
1.334002,0.1612165,47.02784,llama3.2:1b,355.0,2.0,2026-06-26 11:59:03
1.339447,0.1692935,46.67118,llama3.2:1b,348.0,2.0,2026-06-26 11:59:05
1.147606,0.1639817,46.9682,llama3.2:1b,283.0,2.0,2026-06-26 11:59:06
1.523417,0.1646937,46.82196,llama3.2:1b,405.0,2.0,2026-06-26 11:59:08
1.573456,0.1652078,46.76175,llama3.2:1b,423.0,2.0,2026-06-26 11:59:09
1.58569,0.1617351,47.32832,llama3.2:1b,419.0,2.0,2026-06-26 11:59:11
1.329054,0.1582219,46.99027,llama3.2:1b,324.0,2.0,2026-06-26 11:59:13
1.329318,0.162524,46.90432,llama3.2:1b,350.0,2.0,2026-06-26 11:59:14
1.954401,0.1625818,47.18539,llama3.2:1b,523.0,2.0,2026-06-26 11:59:16
1.734625,0.1614354,47.38887,llama3.2:1b,461.0,2.0,2026-06-26 11:59:18
1.349351,0.1606102,46.81538,llama3.2:1b,352.0,2.0,2026-06-26 11:59:20
1.944953,0.1581711,46.63527,llama3.2:1b,533.0,2.0,2026-06-26 11:59:22
1.559529,0.1597899,47.56921,llama3.2:1b,394.0,2.0,2026-06-26 11:59:24
1.720523,0.1661917,44.30366,llama3.2:1b,464.0,2.0,2026-06-26 11:59:26
1.57009,0.1768674,47.1498,llama3.2:1b,381.0,2.0,2026-06-26 11:59:28
1.540225,0.1607424,47.35185,llama3.2:1b,402.0,2.0,2026-06-26 11:59:29
1.146242,0.1638349,47.15646,llama3.2:1b,287.0,2.0,2026-06-26 11:59:31
1.289523,0.1604271,46.10207,llama3.2:1b,309.0,2.0,2026-06-26 11:59:32
1.91558,0.1571759,46.98475,llama3.2:1b,501.0,2.0,2026-06-26 11:59:34
1.765268,0.1609349,45.7331,llama3.2:1b,436.0,2.0,2026-06-26 11:59:36
1.578651,0.1592814,47.35073,llama3.2:1b,416.0,2.0,2026-06-26 11:59:38
1.370919,0.1717484,46.86914,llama3.2:1b,320.0,2.0,2026-06-26 11:59:40
1.326632,0.1661616,47.0843,llama3.2:1b,314.0,2.0,2026-06-26 11:59:41
1.358232,0.1647536,47.25786,llama3.2:1b,359.0,2.0,2026-06-26 11:59:43
1.300994,0.1671798,46.93624,llama3.2:1b,303.0,2.0,2026-06-26 11:59:44
1.555888,0.1627646,46.16166,llama3.2:1b,417.0,2.0,2026-06-26 11:59:46
1.215912,0.1651359,43.53505,llama3.2:1b,280.0,2.0,2026-06-26 11:59:47
1.847597,0.1619609,44.38132,llama3.2:1b,475.0,2.0,2026-06-26 11:59:49
1.813859,0.1729342,44.38921,llama3.2:1b,447.0,2.0,2026-06-26 11:59:51
1.781835,0.168599,44.21551,llama3.2:1b,455.0,2.0,2026-06-26 11:59:53
1.59363,0.1643528,33.26532,llama3.2:1b,373.0,3.0,2026-06-26 11:59:55
1.78452,0.1695944,44.55534,llama3.2:1b,477.0,2.0,2026-06-26 11:59:57
1.759298,0.168163,43.89238,llama3.2:1b,455.0,2.0,2026-06-26 11:59:59
1.361689,0.1697812,43.76463,llama3.2:1b,335.0,2.0,2026-06-26 12:00:01
1.350459,0.1743972,44.41977,llama3.2:1b,362.0,2.0,2026-06-26 12:00:02
1.568527,0.1631713,44.69773,llama3.2:1b,422.0,2.0,2026-06-26 12:00:04
2.024002,0.1804823,43.38771,llama3.2:1b,515.0,2.0,2026-06-26 12:00:06
1.206219,0.1645987,44.51963,llama3.2:1b,299.0,2.0,2026-06-26 12:00:08
1.552132,0.1681723,44.71272,llama3.2:1b,415.0,2.0,2026-06-26 12:00:09
1.754905,0.1675785,43.92708,llama3.2:1b,444.0,2.0,2026-06-26 12:00:11
1.597723,0.1746436,43.57393,llama3.2:1b,420.0,2.0,2026-06-26 12:00:13
1.622338,0.169952,44.39709,llama3.2:1b,414.0,2.0,2026-06-26 12:00:15
1.773332,0.1631635,44.16864,llama3.2:1b,483.0,2.0,2026-06-26 12:00:17
1.765907,0.1674461,44.63389,llama3.2:1b,472.0,2.0,2026-06-26 12:00:19
1.751444,0.1658033,43.96377,llama3.2:1b,455.0,2.0,2026-06-26 12:00:21
1.759959,0.1687908,44.30758,llama3.2:1b,465.0,2.0,2026-06-26 12:00:23
1.355631,0.1659651,44.24485,llama3.2:1b,342.0,2.0,2026-06-26 12:00:24
1.509844,0.1621052,44.38329,llama3.2:1b,367.0,2.0,2026-06-26 12:00:26
1.556073,0.162465,44.64286,llama3.2:1b,383.0,2.0,2026-06-26 12:00:28
1.949681,0.1759206,43.0089,llama3.2:1b,495.0,2.0,2026-06-26 12:00:30
1.360844,0.1618233,44.16864,llama3.2:1b,334.0,2.0,2026-06-26 12:00:32
1.323046,0.1648551,44.64485,llama3.2:1b,344.0,2.0,2026-06-26 12:00:33
1.144834,0.1663747,44.23996,llama3.2:1b,260.0,2.0,2026-06-26 12:00:34
1.120727,0.1626514,44.51567,llama3.2:1b,264.0,2.0,2026-06-26 12:00:36
1.560877,0.178676,44.63588,llama3.2:1b,413.0,2.0,2026-06-26 12:00:38
1.564976,0.1629575,44.60801,llama3.2:1b,392.0,2.0,2026-06-26 12:00:39
0.9418658,0.1625333,44.64983,llama3.2:1b,222.0,2.0,2026-06-26 12:00:40
1.522261,0.1667991,44.8964,llama3.2:1b,390.0,2.0,2026-06-26 12:00:42
1.662385,0.1649438,33.55968,llama3.2:1b,413.0,3.0,2026-06-26 12:00:44
2.602795,0.1622846,43.51231,llama3.2:1b,579.0,2.0,2026-06-26 12:00:47
1.793553,0.1623347,44.19499,llama3.2:1b,453.0,2.0,2026-06-26 12:00:49
1.170732,0.1758061,44.64983,llama3.2:1b,268.0,2.0,2026-06-26 12:00:50
1.132628,0.1703421,44.51666,llama3.2:1b,302.0,2.0,2026-06-26 12:00:52
2.215874,0.1641876,44.21648,llama3.2:1b,559.0,2.0,2026-06-26 12:00:54
1.605907,0.1656337,44.15498,llama3.2:1b,402.0,2.0,2026-06-26 12:00:56
2.021332,0.1630936,44.11797,llama3.2:1b,556.0,2.0,2026-06-26 12:00:58
1.221362,0.1655081,44.46816,llama3.2:1b,298.0,2.0,2026-06-26 12:00:59
1.159392,0.1707524,44.28796,llama3.2:1b,301.0,2.0,2026-06-26 12:01:01
2.343091,0.163538,44.09657,llama3.2:1b,503.0,2.0,2026-06-26 12:01:03
1.56606,0.1614264,43.88178,llama3.2:1b,377.0,2.0,2026-06-26 12:01:05
1.240303,0.2629345,44.65881,llama3.2:1b,270.0,2.0,2026-06-26 12:01:07
1.594929,0.1782933,33.43475,llama3.2:1b,415.0,3.0,2026-06-26 12:01:08
1.189444,0.1586225,44.92262,llama3.2:1b,284.0,2.0,2026-06-26 12:01:10
1.372354,0.1887404,44.34,llama3.2:1b,316.0,2.0,2026-06-26 12:01:11
2.033148,0.1649658,45.72055,llama3.2:1b,467.0,2.0,2026-06-26 12:01:14
1.61275,0.175753,46.20538,llama3.2:1b,373.0,2.0,2026-06-26 12:01:15
1.220048,0.2074787,45.46384,llama3.2:1b,263.0,2.0,2026-06-26 12:01:17
1.194701,0.1998209,44.1316,llama3.2:1b,271.0,2.0,2026-06-26 12:01:18
2.055306,0.1783999,45.43802,llama3.2:1b,497.0,2.0,2026-06-26 12:01:21
1.806908,0.1993201,44.64884,llama3.2:1b,485.0,2.0,2026-06-26 12:01:23
1.382614,0.19973,44.58812,llama3.2:1b,344.0,2.0,2026-06-26 12:01:24
1.221215,0.2114254,44.42371,llama3.2:1b,298.0,2.0,2026-06-26 12:01:26
1.749876,0.2115847,44.00634,llama3.2:1b,398.0,2.0,2026-06-26 12:01:28
1.031928,0.2220708,45.62668,llama3.2:1b,215.0,2.0,2026-06-26 12:01:29
1.084701,0.2059626,41.18786,llama3.2:1b,224.0,2.0,2026-06-26 12:01:30
1.905756,0.1977682,42.82013,llama3.2:1b,407.0,2.0,2026-06-26 12:01:32
1.386142,0.1960911,43.65763,llama3.2:1b,300.0,2.0,2026-06-26 12:01:34
1.743881,0.192075,45.64126,llama3.2:1b,392.0,2.0,2026-06-26 12:01:36
1.820267,0.2001349,45.15386,llama3.2:1b,410.0,2.0,2026-06-26 12:01:38
2.117337,0.2208422,45.161,llama3.2:1b,524.0,2.0,2026-06-26 12:01:40
1.481734,0.2109892,36.26013,llama3.2:1b,336.0,2.0,2026-06-26 12:01:42
1.018319,0.2062074,45.9675,llama3.2:1b,226.0,2.0,2026-06-26 12:01:43
1.534541,0.1729551,45.92844,llama3.2:1b,421.0,2.0,2026-06-26 12:01:45
0.9913838,0.2024598,45.8663,llama3.2:1b,235.0,2.0,2026-06-26 12:01:46
1.347114,0.1989874,46.69515,llama3.2:1b,360.0,2.0,2026-06-26 12:01:48
1.993825,0.2237723,46.28237,llama3.2:1b,514.0,2.0,2026-06-26 12:01:50
2.045774,0.2324821,45.2458,llama3.2:1b,532.0,2.0,2026-06-26 12:01:52
1.394119,0.2190079,46.14462,llama3.2:1b,309.0,2.0,2026-06-26 12:01:54
0.7558925,0.1986481,47.60318,llama3.2:1b,149.0,2.0,2026-06-26 12:01:55
0.9060029,0.1977607,46.56686,llama3.2:1b,177.0,2.0,2026-06-26 12:01:56
1.568361,0.209832,45.70697,llama3.2:1b,428.0,2.0,2026-06-26 12:01:58
1.836053,0.2406854,35.32446,llama3.2:1b,462.0,3.0,2026-06-26 12:02:00
1.405742,0.2372552,45.66523,llama3.2:1b,336.0,2.0,2026-06-26 12:02:01
2.378658,0.1948589,45.08668,llama3.2:1b,680.0,2.0,2026-06-26 12:02:04
2.054496,0.2455627,46.76831,llama3.2:1b,496.0,2.0,2026-06-26 12:02:06
1.759333,0.1971418,46.39295,llama3.2:1b,441.0,2.0,2026-06-26 12:02:08
1.199603,0.2175841,46.3274,llama3.2:1b,277.0,2.0,2026-06-26 12:02:10
1.745753,0.2289796,45.28268,llama3.2:1b,436.0,2.0,2026-06-26 12:02:12
1.366979,0.1974689,46.97703,llama3.2:1b,343.0,2.0,2026-06-26 12:02:13
1.742854,0.2079368,45.52594,llama3.2:1b,436.0,2.0,2026-06-26 12:02:15
1.173979,0.1948567,45.92739,llama3.2:1b,279.0,2.0,2026-06-26 12:02:17
1.33534,0.2113039,46.37788,llama3.2:1b,308.0,2.0,2026-06-26 12:02:18
1.565629,0.2004934,45.60172,llama3.2:1b,393.0,2.0,2026-06-26 12:02:20
1.206309,0.2374497,46.49649,llama3.2:1b,278.0,2.0,2026-06-26 12:02:21
1.162304,0.2147072,46.67336,llama3.2:1b,274.0,2.0,2026-06-26 12:02:23
1.337318,0.1949693,47.12424,llama3.2:1b,327.0,2.0,2026-06-26 12:02:24
1.992509,0.2113742,46.20005,llama3.2:1b,527.0,2.0,2026-06-26 12:02:27
1.771173,0.1959329,44.05286,llama3.2:1b,449.0,2.0,2026-06-26 12:02:29
1.633004,0.2023098,35.08772,llama3.2:1b,394.0,3.0,2026-06-26 12:02:30
1.16274,0.1927482,46.67989,llama3.2:1b,283.0,2.0,2026-06-26 12:02:32
1.370116,0.2331815,45.89261,llama3.2:1b,346.0,2.0,2026-06-26 12:02:33
1.770741,0.2383274,47.11869,llama3.2:1b,447.0,2.0,2026-06-26 12:02:35
1.769895,0.1968801,46.92853,llama3.2:1b,470.0,2.0,2026-06-26 12:02:37
1.982082,0.1936796,45.30319,llama3.2:1b,514.0,2.0,2026-06-26 12:02:40
1.593039,0.2025221,46.08507,llama3.2:1b,388.0,2.0,2026-06-26 12:02:41
1.765388,0.2109464,46.98806,llama3.2:1b,455.0,2.0,2026-06-26 12:02:43
1.609224,0.2080313,45.72892,llama3.2:1b,405.0,2.0,2026-06-26 12:02:45
1.354236,0.1985667,47.26345,llama3.2:1b,322.0,2.0,2026-06-26 12:02:47
1.549505,0.1965641,46.788,llama3.2:1b,381.0,2.0,2026-06-26 12:02:49
1.360994,0.1994587,46.56794,llama3.2:1b,343.0,2.0,2026-06-26 12:02:50
1.556866,0.1975454,46.87244,llama3.2:1b,387.0,2.0,2026-06-26 12:02:52
0.9695241,0.1996267,45.59548,llama3.2:1b,217.0,2.0,2026-06-26 12:02:53
1.986113,0.2367509,45.22943,llama3.2:1b,533.0,2.0,2026-06-26 12:02:55
1.182896,0.1994713,46.95827,llama3.2:1b,252.0,2.0,2026-06-26 12:02:57
1.707705,0.1979041,47.14202,llama3.2:1b,436.0,2.0,2026-06-26 12:02:59
0.9771481,0.197956,45.79593,llama3.2:1b,237.0,2.0,2026-06-26 12:03:00
1.576284,0.2354126,47.11758,llama3.2:1b,375.0,2.0,2026-06-26 12:03:02
1.767904,0.1973998,45.18957,llama3.2:1b,483.0,2.0,2026-06-26 12:03:04
1.655749,0.1976001,35.11647,llama3.2:1b,423.0,3.0,2026-06-26 12:03:06
1.768566,0.2060211,45.51765,llama3.2:1b,452.0,2.0,2026-06-26 12:03:08
1.422372,0.2466167,46.01615,llama3.2:1b,356.0,2.0,2026-06-26 12:03:09
1.592352,0.2387856,45.35456,llama3.2:1b,373.0,2.0,2026-06-26 12:03:11
1.18542,0.2023851,46.00239,llama3.2:1b,300.0,2.0,2026-06-26 12:03:12
1.345541,0.1969599,46.46192,llama3.2:1b,361.0,2.0,2026-06-26 12:03:14
1.349226,0.1990688,47.47324,llama3.2:1b,333.0,2.0,2026-06-26 12:03:16
1.167575,0.2016862,46.08507,llama3.2:1b,271.0,2.0,2026-06-26 12:03:17
1.743083,0.1959998,46.79567,llama3.2:1b,486.0,2.0,2026-06-26 12:03:19
2.000126,0.1981122,47.05772,llama3.2:1b,518.0,2.0,2026-06-26 12:03:21
1.594818,0.2006863,45.88208,llama3.2:1b,374.0,2.0,2026-06-26 12:03:23
1.382017,0.2294197,45.95694,llama3.2:1b,334.0,2.0,2026-06-26 12:03:25
1.370747,0.2154938,47.36531,llama3.2:1b,342.0,2.0,2026-06-26 12:03:26
1.57564,0.1966817,46.5441,llama3.2:1b,417.0,2.0,2026-06-26 12:03:28
1.370817,0.1965941,47.1776,llama3.2:1b,362.0,2.0,2026-06-26 12:03:30
2.182115,0.2002538,45.74566,llama3.2:1b,597.0,2.0,2026-06-26 12:03:32
1.831625,0.2356657,46.13823,llama3.2:1b,454.0,2.0,2026-06-26 12:03:34
1.388038,0.2183657,47.45972,llama3.2:1b,336.0,2.0,2026-06-26 12:03:36
1.359669,0.2008978,47.28132,llama3.2:1b,355.0,2.0,2026-06-26 12:03:37
1.648148,0.2074042,33.1543,llama3.2:1b,385.0,2.0,2026-06-26 12:03:39
1.831646,0.218626,32.50183,llama3.2:1b,350.0,2.0,2026-06-26 12:03:41
1.768442,0.25337,44.48299,llama3.2:1b,410.0,2.0,2026-06-26 12:03:43
1.634882,0.2451305,47.38887,llama3.2:1b,407.0,2.0,2026-06-26 12:03:45
1.813111,0.2447834,46.13929,llama3.2:1b,488.0,2.0,2026-06-26 12:03:47
1.225162,0.2428668,46.94725,llama3.2:1b,283.0,2.0,2026-06-26 12:03:49
1.330615,0.2005253,47.34624,llama3.2:1b,318.0,2.0,2026-06-26 12:03:50
1.772877,0.248689,47.70309,llama3.2:1b,444.0,2.0,2026-06-26 12:03:52
1.819039,0.2389215,35.61676,llama3.2:1b,435.0,3.0,2026-06-26 12:03:55
1.626688,0.2320477,47.25563,llama3.2:1b,424.0,2.0,2026-06-26 12:03:56
1.213971,0.244721,44.69574,llama3.2:1b,296.0,2.0,2026-06-26 12:03:58
1.735187,0.1995434,44.09852,llama3.2:1b,454.0,2.0,2026-06-26 12:04:00
1.789527,0.2380213,47.45972,llama3.2:1b,449.0,2.0,2026-06-26 12:04:02
1.58397,0.1982556,46.31023,llama3.2:1b,389.0,2.0,2026-06-26 12:04:04
1.611242,0.2404248,47.11425,llama3.2:1b,395.0,2.0,2026-06-26 12:04:05
1.614358,0.2334976,47.36642,llama3.2:1b,407.0,2.0,2026-06-26 12:04:07
1.581117,0.2078582,47.18873,llama3.2:1b,388.0,2.0,2026-06-26 12:04:09
0.9809174,0.2093958,45.70802,llama3.2:1b,229.0,2.0,2026-06-26 12:04:10
1.358063,0.2519196,46.34779,llama3.2:1b,304.0,2.0,2026-06-26 12:04:12
1.198056,0.2443182,47.16425,llama3.2:1b,294.0,2.0,2026-06-26 12:04:13
1.168518,0.2054209,47.06768,llama3.2:1b,287.0,2.0,2026-06-26 12:04:15
1.340635,0.1973969,47.11758,llama3.2:1b,331.0,2.0,2026-06-26 12:04:16
1.760985,0.2090359,46.25882,llama3.2:1b,474.0,2.0,2026-06-26 12:04:18
1.407638,0.2426385,45.96433,llama3.2:1b,342.0,2.0,2026-06-26 12:04:20
0.7691942,0.2088411,45.63813,llama3.2:1b,162.0,2.0,2026-06-26 12:04:21
1.579051,0.2248618,46.8121,llama3.2:1b,426.0,2.0,2026-06-26 12:04:23
1.60104,0.2303327,45.15692,llama3.2:1b,383.0,2.0,2026-06-26 12:04:25
1.839965,0.2480934,34.78543,llama3.2:1b,455.0,3.0,2026-06-26 12:04:27
1.370666,0.1983772,46.61462,llama3.2:1b,340.0,2.0,2026-06-26 12:04:28
1.593715,0.2419961,46.61462,llama3.2:1b,379.0,2.0,2026-06-26 12:04:30
1.596795,0.2071897,46.89332,llama3.2:1b,420.0,2.0,2026-06-26 12:04:32
1.368122,0.201161,46.23743,llama3.2:1b,335.0,2.0,2026-06-26 12:04:34
1.585986,0.2326634,45.23863,llama3.2:1b,378.0,2.0,2026-06-26 12:04:35
1.017227,0.2523102,45.88208,llama3.2:1b,211.0,2.0,2026-06-26 12:04:37
1.343595,0.2073464,47.24893,llama3.2:1b,350.0,2.0,2026-06-26 12:04:38
1.575077,0.2033806,47.19764,llama3.2:1b,399.0,2.0,2026-06-26 12:04:40
1.355263,0.2006259,47.05439,llama3.2:1b,326.0,2.0,2026-06-26 12:04:42
0.7820345,0.2208991,46.57336,llama3.2:1b,173.0,2.0,2026-06-26 12:04:43
1.5442,0.2016697,47.17649,llama3.2:1b,393.0,2.0,2026-06-26 12:04:44
1.218801,0.2496882,46.19791,llama3.2:1b,302.0,2.0,2026-06-26 12:04:46
1.735217,0.1990083,44.92363,llama3.2:1b,456.0,2.0,2026-06-26 12:04:48
1.606365,0.2197496,47.1598,llama3.2:1b,408.0,2.0,2026-06-26 12:04:50
1.353629,0.2064581,46.90652,llama3.2:1b,311.0,2.0,2026-06-26 12:04:51
1.163826,0.202542,47.05772,llama3.2:1b,284.0,2.0,2026-06-26 12:04:53
2.018945,0.2509345,44.76175,llama3.2:1b,545.0,2.0,2026-06-26 12:04:55
1.591466,0.2025379,46.34994,llama3.2:1b,378.0,2.0,2026-06-26 12:04:57
1.20609,0.2382698,46.11164,llama3.2:1b,299.0,2.0,2026-06-26 12:04:58
1.344469,0.2008321,46.54735,llama3.2:1b,327.0,2.0,2026-06-26 12:05:00
1.211275,0.2441043,45.94743,llama3.2:1b,300.0,2.0,2026-06-26 12:05:01
1.354596,0.2172742,46.92302,llama3.2:1b,327.0,2.0,2026-06-26 12:05:03
1.368205,0.2314648,47.16536,llama3.2:1b,328.0,2.0,2026-06-26 12:05:04
1.358668,0.2085092,46.98034,llama3.2:1b,337.0,2.0,2026-06-26 12:05:06
2.58081,0.2164469,46.64614,llama3.2:1b,692.0,2.0,2026-06-26 12:05:09
1.050071,0.238386,43.97731,llama3.2:1b,221.0,2.0,2026-06-26 12:05:10
1.558349,0.1976589,45.64751,llama3.2:1b,416.0,2.0,2026-06-26 12:05:12
1.183387,0.1966899,46.99469,llama3.2:1b,298.0,2.0,2026-06-26 12:05:13
1.534622,0.195304,45.99181,llama3.2:1b,369.0,2.0,2026-06-26 12:05:15
1.160628,0.1973708,46.14568,llama3.2:1b,264.0,2.0,2026-06-26 12:05:16
1.146396,0.2015349,44.72372,llama3.2:1b,265.0,2.0,2026-06-26 12:05:18
1.370042,0.2347835,45.83792,llama3.2:1b,353.0,2.0,2026-06-26 12:05:19
0.9842986,0.2278675,46.36713,llama3.2:1b,229.0,2.0,2026-06-26 12:05:21
1.582562,0.2414471,45.63813,llama3.2:1b,393.0,2.0,2026-06-26 12:05:22
1.365832,0.2032699,47.00131,llama3.2:1b,350.0,2.0,2026-06-26 12:05:24
1.173237,0.2026854,46.17978,llama3.2:1b,300.0,2.0,2026-06-26 12:05:25
1.725581,0.2019053,47.06436,llama3.2:1b,433.0,2.0,2026-06-26 12:05:27
1.165438,0.1947953,46.39618,llama3.2:1b,274.0,2.0,2026-06-26 12:05:29
1.764547,0.2357652,47.19319,llama3.2:1b,465.0,2.0,2026-06-26 12:05:31
1.798975,0.2393407,44.90446,llama3.2:1b,464.0,2.0,2026-06-26 12:05:33
1.631316,0.2397515,46.92302,llama3.2:1b,410.0,2.0,2026-06-26 12:05:35
1.601313,0.2381257,47.41471,llama3.2:1b,380.0,2.0,2026-06-26 12:05:36
1.367997,0.2004306,47.1409,llama3.2:1b,352.0,2.0,2026-06-26 12:05:38
0.9642829,0.2002916,46.61462,llama3.2:1b,231.0,2.0,2026-06-26 12:05:39
1.145439,0.2000319,46.01086,llama3.2:1b,294.0,2.0,2026-06-26 12:05:41
1.606576,0.2437233,47.3754,llama3.2:1b,399.0,2.0,2026-06-26 12:05:42
1.178198,0.2078613,47.13646,llama3.2:1b,270.0,2.0,2026-06-26 12:05:44
1.766322,0.2411005,45.25296,llama3.2:1b,452.0,2.0,2026-06-26 12:05:46
1.374668,0.2144922,46.89991,llama3.2:1b,328.0,2.0,2026-06-26 12:05:47
1.355477,0.2002991,45.92422,llama3.2:1b,357.0,2.0,2026-06-26 12:05:49
1.360841,0.1972148,47.45972,llama3.2:1b,358.0,2.0,2026-06-26 12:05:51
1.618895,0.2447878,47.68035,llama3.2:1b,422.0,2.0,2026-06-26 12:05:52
1.765843,0.2069757,45.73415,llama3.2:1b,454.0,2.0,2026-06-26 12:05:54
1.803632,0.2387071,45.98547,llama3.2:1b,469.0,2.0,2026-06-26 12:05:56
1.773778,0.199421,47.16203,llama3.2:1b,467.0,2.0,2026-06-26 12:05:58
1.183449,0.2039089,45.67775,llama3.2:1b,263.0,2.0,2026-06-26 12:06:00
2.173001,0.2182549,45.92739,llama3.2:1b,577.0,2.0,2026-06-26 12:06:02
1.615447,0.2045632,46.90542,llama3.2:1b,400.0,2.0,2026-06-26 12:06:04
1.380743,0.2225951,45.83792,llama3.2:1b,332.0,2.0,2026-06-26 12:06:06
1.183029,0.232142,46.98034,llama3.2:1b,274.0,2.0,2026-06-26 12:06:07
1.547929,0.2015714,47.3272,llama3.2:1b,376.0,2.0,2026-06-26 12:06:09
1.389628,0.229936,45.7122,llama3.2:1b,353.0,2.0,2026-06-26 12:06:10
1.000018,0.2412599,47.16759,llama3.2:1b,236.0,2.0,2026-06-26 12:06:12
1.35832,0.2386809,47.60998,llama3.2:1b,327.0,2.0,2026-06-26 12:06:13
1.151467,0.1991113,45.24068,llama3.2:1b,266.0,2.0,2026-06-26 12:06:15
1.592296,0.2360908,47.41359,llama3.2:1b,406.0,2.0,2026-06-26 12:06:16
1.576125,0.203884,46.07658,llama3.2:1b,383.0,2.0,2026-06-26 12:06:18
1.571166,0.2170135,44.43852,llama3.2:1b,368.0,2.0,2026-06-26 12:06:20
1.580596,0.2156616,45.98335,llama3.2:1b,383.0,2.0,2026-06-26 12:06:22
1.781623,0.2383532,47.0201,llama3.2:1b,452.0,2.0,2026-06-26 12:06:24
1.607459,0.2229421,44.98223,llama3.2:1b,343.0,2.0,2026-06-26 12:06:26
2.183963,0.2417427,44.26248,llama3.2:1b,516.0,2.0,2026-06-26 12:06:28
1.536352,0.2311961,43.21428,llama3.2:1b,344.0,2.0,2026-06-26 12:06:30
2.189339,0.2455441,45.39471,llama3.2:1b,495.0,2.0,2026-06-26 12:06:32
1.554459,0.2402646,44.86216,llama3.2:1b,311.0,2.0,2026-06-26 12:06:34
1.781867,0.2450578,42.10349,llama3.2:1b,387.0,2.0,2026-06-26 12:06:36
1.775815,0.2423971,45.12941,llama3.2:1b,406.0,2.0,2026-06-26 12:06:38
1.477787,0.2192523,29.54297,llama3.2:1b,270.0,2.0,2026-06-26 12:06:40
1.355577,0.1850192,42.91846,llama3.2:1b,336.0,2.0,2026-06-26 12:06:41
0.9796064,0.2225533,45.47315,llama3.2:1b,192.0,2.0,2026-06-26 12:06:43
1.149822,0.1987034,46.71369,llama3.2:1b,301.0,2.0,2026-06-26 12:06:44
0.9645528,0.1949879,44.71172,llama3.2:1b,233.0,2.0,2026-06-26 12:06:45
1.737886,0.1986025,29.16685,llama3.2:1b,353.0,2.0,2026-06-26 12:06:47
1.72159,0.2210626,43.55875,llama3.2:1b,388.0,2.0,2026-06-26 12:06:49
1.733877,0.211507,44.40694,llama3.2:1b,413.0,2.0,2026-06-26 12:06:51
1.239682,0.1964664,44.22724,llama3.2:1b,259.0,2.0,2026-06-26 12:06:52
2.133137,0.2168618,43.6624,llama3.2:1b,508.0,2.0,2026-06-26 12:06:55
1.288909,0.232324,45.56743,llama3.2:1b,266.0,2.0,2026-06-26 12:06:57
1.685712,0.1988573,44.35081,llama3.2:1b,378.0,2.0,2026-06-26 12:06:58
1.946989,0.2362194,45.50005,llama3.2:1b,483.0,2.0,2026-06-26 12:07:01
2.023426,0.2265014,45.106,llama3.2:1b,516.0,2.0,2026-06-26 12:07:03
2.21388,0.2321861,45.12126,llama3.2:1b,563.0,2.0,2026-06-26 12:07:05
1.390957,0.1978374,45.60899,llama3.2:1b,337.0,2.0,2026-06-26 12:07:07
1.377699,0.2306728,45.26936,llama3.2:1b,342.0,2.0,2026-06-26 12:07:08
1.180496,0.2133489,46.56902,llama3.2:1b,287.0,2.0,2026-06-26 12:07:10
1.80324,0.2330903,40.21636,llama3.2:1b,416.0,2.0,2026-06-26 12:07:12
1.78769,0.2267821,40.8814,llama3.2:1b,369.0,2.0,2026-06-26 12:07:14
1.562793,0.2346771,41.33512,llama3.2:1b,349.0,2.0,2026-06-26 12:07:16
1.548662,0.2380067,44.85612,llama3.2:1b,360.0,2.0,2026-06-26 12:07:18
2.008666,0.2320345,31.83902,llama3.2:1b,438.0,3.0,2026-06-26 12:07:20
1.538908,0.2362993,45.16712,llama3.2:1b,363.0,2.0,2026-06-26 12:07:22
2.03179,0.2367932,41.68751,llama3.2:1b,468.0,2.0,2026-06-26 12:07:24
1.560682,0.2339601,41.96831,llama3.2:1b,346.0,2.0,2026-06-26 12:07:26
1.06772,0.242791,43.59388,llama3.2:1b,238.0,2.0,2026-06-26 12:07:27
1.274292,0.2266885,43.01723,llama3.2:1b,272.0,2.0,2026-06-26 12:07:29
2.213048,0.232202,40.62976,llama3.2:1b,538.0,2.0,2026-06-26 12:07:31
1.562703,0.2432586,42.09552,llama3.2:1b,331.0,2.0,2026-06-26 12:07:33
1.991495,0.2371331,40.99621,llama3.2:1b,482.0,2.0,2026-06-26 12:07:35
1.535826,0.2517995,47.89731,llama3.2:1b,315.0,2.0,2026-06-26 12:07:37
1.251691,0.206825,43.66336,llama3.2:1b,290.0,2.0,2026-06-26 12:07:39
1.243685,0.2100631,44.55434,llama3.2:1b,293.0,2.0,2026-06-26 12:07:40
2.146914,0.197672,44.65781,llama3.2:1b,545.0,2.0,2026-06-26 12:07:43
1.319205,0.2163119,44.90043,llama3.2:1b,294.0,2.0,2026-06-26 12:07:44
0.9950901,0.1987461,43.91358,llama3.2:1b,224.0,2.0,2026-06-26 12:07:45
1.437608,0.1928439,43.80297,llama3.2:1b,330.0,2.0,2026-06-26 12:07:47
1.734595,0.2312456,44.82195,llama3.2:1b,401.0,2.0,2026-06-26 12:07:49
2.129884,0.1938034,41.89886,llama3.2:1b,497.0,2.0,2026-06-26 12:07:51
1.546856,0.2286935,44.00924,llama3.2:1b,356.0,2.0,2026-06-26 12:07:53
2.168351,0.2172232,43.41314,llama3.2:1b,538.0,2.0,2026-06-26 12:07:56
1.95651,0.2077849,43.95218,llama3.2:1b,467.0,2.0,2026-06-26 12:07:58
2.719837,0.2305876,44.99438,llama3.2:1b,668.0,2.0,2026-06-26 12:08:01
1.292258,0.1959837,44.03734,llama3.2:1b,285.0,2.0,2026-06-26 12:08:02
1.710336,0.1961482,43.17044,llama3.2:1b,401.0,2.0,2026-06-26 12:08:04
1.264073,0.2270868,45.1121,llama3.2:1b,276.0,2.0,2026-06-26 12:08:06
1.730542,0.2001675,44.58613,llama3.2:1b,406.0,2.0,2026-06-26 12:08:08
1.93083,0.1995236,45.02983,llama3.2:1b,446.0,2.0,2026-06-26 12:08:10
1.769548,0.1982993,33.56568,llama3.2:1b,410.0,3.0,2026-06-26 12:08:12
1.516254,0.2297295,44.06257,llama3.2:1b,340.0,2.0,2026-06-26 12:08:14
1.251696,0.230948,44.0015,llama3.2:1b,261.0,2.0,2026-06-26 12:08:15
1.691993,0.2243135,41.41558,llama3.2:1b,373.0,2.0,2026-06-26 12:08:17
1.944064,0.228071,45.29704,llama3.2:1b,435.0,2.0,2026-06-26 12:08:19
2.167834,0.2289314,43.46598,llama3.2:1b,518.0,2.0,2026-06-26 12:08:21
1.685965,0.1927545,43.78092,llama3.2:1b,368.0,2.0,2026-06-26 12:08:23
1.005165,0.1996103,44.31642,llama3.2:1b,226.0,2.0,2026-06-26 12:08:25
1.453898,0.1940363,45.4081,llama3.2:1b,339.0,2.0,2026-06-26 12:08:26
1.261668,0.2288908,45.1559,llama3.2:1b,267.0,2.0,2026-06-26 12:08:28
2.108349,0.1980777,43.22082,llama3.2:1b,513.0,2.0,2026-06-26 12:08:30
1.765674,0.2236257,44.88129,llama3.2:1b,426.0,2.0,2026-06-26 12:08:32
1.719204,0.2282268,45.10701,llama3.2:1b,378.0,2.0,2026-06-26 12:08:34
1.312227,0.2000287,39.47654,llama3.2:1b,279.0,2.0,2026-06-26 12:08:36
1.455206,0.1938667,44.86317,llama3.2:1b,328.0,2.0,2026-06-26 12:08:37
1.889035,0.2321281,45.46695,llama3.2:1b,475.0,2.0,2026-06-26 12:08:39
1.769116,0.1962436,42.48178,llama3.2:1b,433.0,2.0,2026-06-26 12:08:41
1.592982,0.1976642,45.40914,llama3.2:1b,422.0,2.0,2026-06-26 12:08:43
2.185835,0.1968657,45.60691,llama3.2:1b,582.0,2.0,2026-06-26 12:08:46
1.190432,0.1821988,46.07552,llama3.2:1b,296.0,2.0,2026-06-26 12:08:47
1.565356,0.1926671,45.77916,llama3.2:1b,397.0,2.0,2026-06-26 12:08:49
1.347479,0.1915721,47.13868,llama3.2:1b,335.0,2.0,2026-06-26 12:08:50
1.353121,0.1997451,46.00768,llama3.2:1b,348.0,2.0,2026-06-26 12:08:52
1.593275,0.1953896,44.34393,llama3.2:1b,430.0,2.0,2026-06-26 12:08:54
1.802342,0.1999881,46.76065,llama3.2:1b,445.0,2.0,2026-06-26 12:08:56
1.775289,0.2028202,44.1316,llama3.2:1b,423.0,2.0,2026-06-26 12:08:58
2.202049,0.1998133,42.48991,llama3.2:1b,543.0,2.0,2026-06-26 12:09:00
1.223125,0.2219428,45.85263,llama3.2:1b,239.0,2.0,2026-06-26 12:09:02
1.526281,0.1970923,46.77925,llama3.2:1b,367.0,2.0,2026-06-26 12:09:04
1.753396,0.1898114,46.6407,llama3.2:1b,493.0,2.0,2026-06-26 12:09:05
1.974481,0.191711,46.53219,llama3.2:1b,497.0,2.0,2026-06-26 12:09:08
1.801373,0.1960044,34.952,llama3.2:1b,439.0,3.0,2026-06-26 12:09:10
1.582345,0.1964901,46.4231,llama3.2:1b,393.0,2.0,2026-06-26 12:09:12
1.367895,0.1922077,45.84002,llama3.2:1b,360.0,2.0,2026-06-26 12:09:13
1.15541,0.1922234,45.93161,llama3.2:1b,263.0,2.0,2026-06-26 12:09:14
1.570587,0.2004499,46.19044,llama3.2:1b,414.0,2.0,2026-06-26 12:09:16
1.582805,0.217808,46.51271,llama3.2:1b,368.0,2.0,2026-06-26 12:09:18
1.60009,0.2168439,45.40707,llama3.2:1b,392.0,2.0,2026-06-26 12:09:20
1.16182,0.1920503,46.63309,llama3.2:1b,270.0,2.0,2026-06-26 12:09:21
1.560928,0.197947,46.31989,llama3.2:1b,398.0,2.0,2026-06-26 12:09:23
1.828518,0.2364597,35.32695,llama3.2:1b,444.0,3.0,2026-06-26 12:09:25
1.611384,0.2005158,45.61523,llama3.2:1b,430.0,2.0,2026-06-26 12:09:27
2.382179,0.2025896,45.62148,llama3.2:1b,632.0,2.0,2026-06-26 12:09:30
1.385636,0.196015,45.43286,llama3.2:1b,309.0,2.0,2026-06-26 12:09:31
1.164365,0.2256964,45.60275,llama3.2:1b,241.0,2.0,2026-06-26 12:09:33
1.324528,0.1967548,45.90841,llama3.2:1b,331.0,2.0,2026-06-26 12:09:34
1.967261,0.2110966,46.98034,llama3.2:1b,498.0,2.0,2026-06-26 12:09:36
1.627536,0.2165843,47.21212,llama3.2:1b,425.0,2.0,2026-06-26 12:09:38
1.40164,0.2325672,45.46591,llama3.2:1b,345.0,2.0,2026-06-26 12:09:40
1.575235,0.2004671,46.25561,llama3.2:1b,384.0,2.0,2026-06-26 12:09:42
1.592566,0.2057689,46.38649,llama3.2:1b,405.0,2.0,2026-06-26 12:09:44
1.582484,0.1999448,46.04476,llama3.2:1b,406.0,2.0,2026-06-26 12:09:45
1.806862,0.2386774,44.45037,llama3.2:1b,459.0,2.0,2026-06-26 12:09:47
1.781968,0.2310183,47.11647,llama3.2:1b,437.0,2.0,2026-06-26 12:09:49
1.0124,0.235359,46.25454,llama3.2:1b,239.0,2.0,2026-06-26 12:09:51
1.559616,0.2238191,46.23743,llama3.2:1b,373.0,2.0,2026-06-26 12:09:52
1.021887,0.2193893,35.13621,llama3.2:1b,195.0,3.0,2026-06-26 12:09:54
1.54494,0.2009983,46.5929,llama3.2:1b,399.0,2.0,2026-06-26 12:09:55
1.59745,0.2317069,45.92739,llama3.2:1b,374.0,2.0,2026-06-26 12:09:57
1.444616,0.2372613,35.77306,llama3.2:1b,361.0,3.0,2026-06-26 12:09:59
1.359118,0.1973736,46.99911,llama3.2:1b,343.0,2.0,2026-06-26 12:10:00
0.9775367,0.2372076,47.06326,llama3.2:1b,198.0,2.0,2026-06-26 12:10:02
1.139212,0.1983304,46.19364,llama3.2:1b,295.0,2.0,2026-06-26 12:10:03
1.345849,0.1928649,46.61896,llama3.2:1b,355.0,2.0,2026-06-26 12:10:05
1.593059,0.224004,46.05536,llama3.2:1b,381.0,2.0,2026-06-26 12:10:06
1.663131,0.2303691,35.44549,llama3.2:1b,430.0,3.0,2026-06-26 12:10:08
2.014864,0.2423417,46.91092,llama3.2:1b,504.0,2.0,2026-06-26 12:10:11
1.820349,0.2388753,46.59072,llama3.2:1b,475.0,2.0,2026-06-26 12:10:13
1.818509,0.1988468,34.84442,llama3.2:1b,461.0,3.0,2026-06-26 12:10:15
1.208997,0.2382309,46.18084,llama3.2:1b,247.0,2.0,2026-06-26 12:10:16
1.332887,0.2104409,46.88892,llama3.2:1b,311.0,2.0,2026-06-26 12:10:18
1.15366,0.1989282,44.72772,llama3.2:1b,264.0,2.0,2026-06-26 12:10:19
1.540533,0.1997793,46.09888,llama3.2:1b,376.0,2.0,2026-06-26 12:10:21
1.99082,0.2392614,46.86365,llama3.2:1b,499.0,2.0,2026-06-26 12:10:23
1.37554,0.2002639,46.34887,llama3.2:1b,315.0,2.0,2026-06-26 12:10:25
1.572413,0.2276517,47.19764,llama3.2:1b,371.0,2.0,2026-06-26 12:10:26
0.9887089,0.2358896,47.44621,llama3.2:1b,192.0,2.0,2026-06-26 12:10:28
1.332036,0.2153076,46.92853,llama3.2:1b,316.0,2.0,2026-06-26 12:10:29
1.600682,0.2235918,45.30832,llama3.2:1b,397.0,2.0,2026-06-26 12:10:31
1.341892,0.1922857,47.15313,llama3.2:1b,312.0,2.0,2026-06-26 12:10:33
1.369469,0.2044291,46.49973,llama3.2:1b,366.0,2.0,2026-06-26 12:10:34
1.593776,0.2108939,45.65272,llama3.2:1b,396.0,2.0,2026-06-26 12:10:36
1.169823,0.1996067,46.3908,llama3.2:1b,256.0,2.0,2026-06-26 12:10:37
1.369782,0.2285867,45.38338,llama3.2:1b,337.0,2.0,2026-06-26 12:10:39
1.559638,0.1949631,45.67253,llama3.2:1b,379.0,2.0,2026-06-26 12:10:41
0.9753785,0.2391252,46.94616,llama3.2:1b,177.0,2.0,2026-06-26 12:10:42
1.729655,0.2013068,47.39449,llama3.2:1b,474.0,2.0,2026-06-26 12:10:44
1.790387,0.1984143,34.67166,llama3.2:1b,431.0,3.0,2026-06-26 12:10:46
1.192769,0.2099247,46.80772,llama3.2:1b,284.0,2.0,2026-06-26 12:10:47
1.364343,0.2188292,47.62358,llama3.2:1b,346.0,2.0,2026-06-26 12:10:49
1.553796,0.1937863,46.20325,llama3.2:1b,370.0,2.0,2026-06-26 12:10:51
